True,0
0,0.25
1,1.05
2,1.05
3,1.0
4,1.05
5,1.05
6,0.0
7,0.0
8,0.0
9,1.05
10,0.0
11,0.8500000000000001
12,0.0
13,0.0
14,1.05
15,0.3
16,0.0
17,0.8
18,1.05
19,0.0
20,0.0
21,0.75
22,0.0
23,0.0
24,1.05
25,1.05
26,1.05
27,0.0
28,0.0
29,0.2
30,1.05
31,0.0
32,0.75
33,0.5
34,0.8
35,0.05
36,0.0
37,0.0
38,0.2
39,0.0
40,0.0
41,0.0
42,0.0
43,0.5
44,1.05
45,0.45
46,0.0
47,0.0
48,0.0
49,0.0
50,0.0
51,0.0
52,0.0
53,1.05
54,0.75
55,0.0
56,1.0
57,0.0
58,0.0
59,0.0
60,0.0
61,0.0
62,0.05
63,1.0
64,0.0
65,1.05
66,0.55
67,0.0
68,0.0
69,0.0
70,1.05
71,0.0
72,0.0
73,1.05
74,0.0
75,0.0
76,0.5
77,0.0
78,0.5
79,0.5
80,0.0
81,1.0
82,0.0
83,0.0
84,0.0
85,0.8
86,0.0
87,0.75
88,0.5
89,0.5
90,0.0
91,1.05
92,1.05
93,0.0
94,0.05
95,0.5
96,0.0
97,0.0
98,0.0
99,0.75
100,0.55
101,0.0
102,0.0
103,0.8
104,0.8
105,0.25
106,1.05
107,0.0
108,0.0
109,0.0
110,1.05
111,0.0
112,0.0
113,0.5
114,0.5
115,0.5
116,1.05
117,0.0
118,0.0
119,1.05
120,0.0
121,0.0
122,0.0
123,0.75
124,0.0
125,0.0
126,1.0
127,0.0
128,0.0
129,1.05
130,0.0
131,0.5
132,0.3
133,0.0
134,0.0
135,1.05
136,0.5
137,0.0
138,0.0
139,1.05
140,0.25
141,0.0
142,0.8
143,0.0
144,0.75
145,0.0
146,0.7
147,0.75
148,0.75
149,0.0
150,0.0
151,0.0
152,1.0
153,0.0
154,1.05
155,0.0
156,0.0
157,0.0
158,0.0
159,1.05
160,0.75
161,0.0
162,0.0
163,0.0
164,0.0
165,0.0
166,1.05
167,0.0
168,0.0
169,0.0
170,0.0
171,0.0
172,0.0
173,0.0
174,0.0
175,0.5
176,0.5
177,0.0
178,0.2
179,1.05
180,0.0
181,0.0
182,1.05
183,1.0
184,1.05
185,0.0
186,0.25
187,1.05
188,0.0
189,0.0
190,0.0
191,0.75
192,0.0
193,1.05
194,1.05
195,0.0
196,0.0
197,0.5
198,1.05
199,0.0
200,0.0
201,0.0
202,0.0
203,0.0
204,0.0
205,1.05
206,0.25
207,1.05
208,0.5
209,1.05
210,0.75
211,0.0
212,1.0
213,0.0
214,0.0
215,0.75
216,0.0
217,0.5
218,0.0
219,0.0
220,0.55
221,0.5
222,0.0
223,0.0
224,0.0
225,0.0
226,0.5
227,0.0
228,0.05
229,0.0
230,0.0
231,0.0
232,0.0
233,0.0
234,0.3
235,0.0
236,0.8
237,0.0
238,0.5
239,0.0
240,0.0
241,0.5
242,0.0
243,0.75
244,0.0
245,0.0
246,0.0
247,0.7
248,0.0
249,0.0
250,0.0
251,1.05
252,0.0
253,0.75
254,1.0
255,0.0
256,1.05
257,0.0
258,0.0
259,0.0
260,0.55
261,0.0
262,1.05
263,1.05
264,0.5
265,0.0
266,0.7
267,0.8500000000000001
268,0.0
269,1.0
270,1.05
271,1.05
272,0.0
273,0.05
274,0.55
275,0.0
276,0.0
277,0.8
278,0.0
279,0.0
280,0.0
281,0.0
282,0.5
283,0.0
284,0.0
285,0.0
286,0.0
287,1.05
288,0.0
289,0.0
290,0.05
291,0.0
292,0.0
293,0.0
294,0.0
295,0.75
296,1.05
297,0.5
298,1.05
299,0.0
300,0.0
301,0.0
302,1.05
303,0.0
304,0.5
305,1.05
306,0.0
307,1.05
308,1.05
309,0.0
310,0.0
311,1.05
312,0.55
313,0.0
314,0.0
315,0.0
316,0.5
317,0.5
318,0.0
319,0.25
320,0.0
321,0.55
322,0.5
323,0.05
324,1.05
325,0.5
326,0.0
327,0.0
328,0.25
329,0.0
330,0.0
331,0.0
332,1.05
333,1.05
334,0.0
335,0.5
336,0.7
337,0.0
338,0.0
339,1.05
340,1.05
341,1.0
342,0.0
343,0.0
344,0.0
345,0.0
346,1.05
347,1.05
348,1.05
349,0.0
350,0.0
351,0.0
352,0.0
353,0.0
354,0.0
355,0.5
356,1.05
357,0.0
358,1.05
359,0.2
360,0.25
361,0.0
362,0.0
363,0.5
364,0.0
365,0.0
366,0.0
367,0.0
368,1.05
369,0.0
370,0.0
371,0.0
372,0.0
373,1.05
374,0.0
375,0.55
376,0.5
377,0.0
378,0.0
379,1.0
380,0.5
381,0.0
382,0.75
383,0.0
384,0.0
385,1.05
386,0.75
387,0.0
388,0.55
389,0.0
390,0.0
391,0.55
392,0.75
393,0.0
394,1.0
395,0.0
396,0.25
397,0.0
398,0.7
399,0.05
400,1.05
401,0.0
402,0.0
403,1.05
404,0.0
405,0.0
406,0.0
407,0.0
408,1.05
409,0.0
410,0.0
411,0.2
412,0.0
413,1.0
414,0.5
415,0.0
416,0.0
417,0.0
418,1.05
419,0.0
420,0.0
421,0.0
422,0.25
423,0.0
424,0.5
425,0.5
426,0.5
427,0.0
428,0.0
429,0.0
430,0.75
431,0.05
432,0.0
433,0.0
434,0.0
435,0.2
436,0.75
437,0.5
438,0.0
439,0.0
440,0.0
441,0.8
442,0.05
443,0.0
444,0.0
445,0.0
446,0.0
447,1.05
448,0.75
449,1.05
450,0.0
451,0.0
452,0.0
453,0.0
454,1.05
455,0.0
456,0.0
457,0.0
458,1.05
459,1.05
460,1.05
461,0.0
462,0.5
463,0.5
464,1.05
465,0.5
466,0.0
467,0.5
468,0.0
469,0.0
470,0.05
471,1.05
472,1.05
473,0.0
474,0.0
475,0.0
476,0.0
477,0.0
478,1.0
479,0.0
480,0.0
481,0.2
482,1.05
483,0.5
484,0.0
485,0.0
486,0.0
487,0.0
488,0.25
489,0.0
490,0.0
491,0.5
492,0.0
493,0.0
494,0.55
495,0.0
496,0.0
497,1.05
498,0.0
499,1.05
500,0.0
501,0.55
502,0.0
503,0.0
504,0.0
505,0.05
506,0.0
507,0.5
508,0.0
509,0.0
510,0.75
511,0.0
512,0.0
513,0.0
514,0.5
515,1.05
516,0.0
517,1.05
518,1.05
519,0.0
520,0.0
521,0.0
522,0.0
523,0.25
524,0.5
525,1.05
526,0.55
527,1.05
528,0.0
529,0.0
530,0.0
531,0.0
532,0.0
533,1.0
534,0.0
535,0.0
536,0.0
537,1.05
538,0.0
539,0.0
540,0.0
541,1.0
542,0.0
543,0.5
544,0.5
545,0.0
546,0.5
547,0.0
548,1.05
549,0.0
550,1.05
551,0.0
552,0.55
553,0.0
554,0.55
555,0.0
556,1.05
557,1.05
558,1.05
559,1.05
560,0.0
561,0.0
562,1.05
563,1.05
564,0.0
565,0.25
566,0.5
567,0.0
568,0.0
569,1.05
570,1.05
571,0.8
572,1.05
573,0.0
574,1.05
575,0.0
576,0.7
577,0.0
578,0.75
579,0.75
580,0.7
581,0.55
582,1.05
583,0.0
584,0.0
585,0.0
586,1.0
587,0.0
588,0.0
589,0.8
590,0.0
591,0.0
592,0.3
593,1.0
594,1.0
595,0.0
596,0.2
597,0.0
598,0.0
599,0.5
600,1.05
601,1.05
602,0.0
603,0.0
604,0.0
605,0.55
606,1.0
607,0.5
608,0.0
609,0.0
610,0.0
611,0.0
612,0.0
613,0.0
614,0.0
615,1.05
616,0.0
617,0.05
618,0.05
619,0.05
620,0.0
621,0.8
622,0.0
623,0.0
624,1.05
625,0.0
626,0.0
627,0.0
628,0.0
629,1.0
630,0.0
631,0.0
632,0.0
633,0.0
634,0.0
635,0.05
636,0.0
637,0.0
638,0.0
639,0.0
640,0.0
641,0.0
642,0.0
643,0.0
644,0.0
645,0.0
646,0.0
647,0.0
648,0.0
649,0.0
650,0.0
651,0.0
652,0.0
653,0.0
654,0.0
655,0.0
656,0.0
657,0.5
658,0.0
659,0.2
660,0.0
661,0.5
662,0.0
663,0.0
664,0.0
665,0.75
666,0.0
667,0.0
668,1.0
669,0.05
670,0.0
671,1.05
672,0.0
673,0.0
674,0.5
675,1.05
676,0.55
677,0.5
678,0.0
679,0.05
680,0.0
681,0.75
682,0.75
683,1.05
684,0.0
685,0.0
686,0.05
687,0.0
688,1.05
689,1.05
690,0.0
691,1.05
692,0.0
693,0.0
694,0.0
695,0.0
696,0.0
697,0.5
698,0.0
699,0.0
700,0.0
701,0.0
702,0.0
703,0.0
704,0.05
705,0.0
706,0.0
707,0.0
708,0.55
709,0.0
710,0.0
711,0.8
712,1.05
713,0.0
714,0.0
715,0.0
716,0.0
717,0.0
718,0.0
719,0.05
720,1.05
721,0.55
722,0.0
723,0.0
724,0.0
725,0.0
726,1.0
727,0.0
728,0.75
729,0.5
730,0.0
731,0.0
732,0.0
733,0.0
734,1.05
735,0.0
736,0.0
737,0.0
738,1.05
739,0.0
740,0.5
741,0.8500000000000001
742,0.0
743,1.05
744,0.0
745,1.05
746,0.0
747,0.0
748,0.0
749,1.05
750,0.5
751,1.05
752,0.25
753,0.5
754,1.05
755,0.0
756,0.5
757,0.0
758,0.0
759,0.0
760,0.5
761,0.0
762,1.05
763,0.0
764,0.5
765,1.05
766,0.0
767,0.0
768,1.05
769,0.75
770,1.05
771,0.0
772,0.0
773,0.75
774,0.55
775,0.75
776,0.0
777,0.0
778,0.25
779,1.05
780,0.0
781,0.0
782,1.05
783,1.05
784,0.5
785,0.75
786,0.0
787,0.8
788,0.05
789,0.75
790,0.75
791,0.0
792,0.0
793,0.0
794,0.2
795,1.0
796,0.0
797,0.0
798,0.0
799,0.75
800,0.0
801,0.75
802,0.0
803,0.0
804,0.0
805,0.0
806,0.0
807,0.0
808,0.0
809,0.0
810,0.0
811,0.0
812,0.0
813,0.0
814,1.05
815,0.0
816,0.7
817,0.0
818,0.0
819,1.05
820,0.0
821,0.0
822,0.0
823,1.05
824,0.0
825,0.0
826,0.0
827,1.05
828,0.2
829,0.55
830,0.5
831,0.5
832,0.3
833,0.5
834,0.7
835,1.05
836,0.5
837,1.05
838,1.05
839,1.05
840,0.25
841,0.0
842,0.5
843,0.0
844,0.0
845,0.8
846,0.5
847,0.0
848,0.0
849,0.5
850,1.05
851,0.0
852,0.5
853,0.0
854,0.5
855,0.0
856,0.0
857,0.0
858,0.0
859,0.0
860,0.0
861,0.8500000000000001
862,0.0
863,0.0
864,1.05
865,0.0
866,1.05
867,0.0
868,0.0
869,0.0
870,0.0
871,0.0
872,0.0
873,0.75
874,0.0
875,0.0
876,0.0
877,0.25
878,0.5
879,0.0
880,0.0
881,0.0
882,1.05
883,0.0
884,0.0
885,0.0
886,1.05
887,0.25
888,0.75
889,0.0
890,1.0
891,0.05
892,0.2
893,0.7
894,1.0
895,0.0
896,0.0
897,0.5
898,0.5
899,0.75
900,0.5
901,0.0
902,1.05
903,0.0
904,0.5
905,0.0
906,0.0
907,0.0
908,0.0
909,0.0
910,0.0
911,0.0
912,0.5
913,0.05
914,1.05
915,0.0
916,0.0
917,1.05
918,1.0
919,0.5
920,1.05
921,0.0
922,0.05
923,0.0
924,0.75
925,0.0
926,0.0
927,0.05
928,1.05
929,1.0
930,0.0
931,0.0
932,0.0
933,0.0
934,0.0
935,0.7
936,0.0
937,0.5
938,0.0
939,0.0
940,1.05
941,1.05
942,0.0
943,0.0
944,0.0
945,0.0
946,0.0
947,0.0
948,1.05
949,0.8
950,0.5
951,1.05
952,0.0
953,0.0
954,1.0
955,1.05
956,0.0
957,0.0
958,0.0
959,0.0
960,0.0
961,1.05
962,1.05
963,0.5
964,0.0
965,0.5
966,0.2
967,0.7
968,1.05
969,0.0
970,0.0
971,0.8
972,0.0
973,0.0
974,0.0
975,0.2
976,0.5
977,0.0
978,0.0
979,0.0
980,0.75
981,0.0
982,0.75
983,1.0
984,0.0
985,0.55
986,0.0
987,0.5
988,0.25
989,0.0
990,0.0
991,1.05
992,0.0
993,0.0
994,0.0
995,0.0
996,1.0
997,0.0
998,0.0
999,0.0
1000,0.75
1001,0.0
1002,0.0
1003,0.8
1004,0.05
1005,1.05
1006,0.3
1007,0.0
1008,0.0
1009,0.0
1010,0.0
1011,0.8
1012,1.05
1013,0.0
1014,0.0
1015,0.5
1016,1.05
1017,0.8
1018,0.0
1019,0.0
1020,0.2
1021,0.0
1022,0.0
1023,0.0
1024,0.0
1025,0.05
1026,0.0
1027,0.5
1028,0.0
1029,0.55
1030,0.0
1031,0.5
1032,1.05
1033,0.0
1034,0.0
1035,0.0
1036,1.05
1037,0.8
1038,0.0
1039,0.75
1040,0.0
1041,0.2
1042,1.0
1043,0.5
1044,0.75
1045,0.5
1046,0.0
1047,0.0
1048,0.0
1049,0.0
1050,1.05
1051,0.55
1052,0.0
1053,0.0
1054,0.0
1055,1.05
1056,1.05
1057,0.0
1058,1.0
1059,0.0
1060,1.05
1061,0.5
1062,0.0
1063,0.7
1064,0.0
1065,1.0
1066,0.0
1067,0.0
1068,0.0
1069,0.0
1070,0.75
1071,0.0
1072,0.0
1073,1.05
1074,1.05
1075,0.25
1076,0.0
1077,0.0
1078,0.0
1079,1.05
1080,0.55
1081,0.0
1082,1.05
1083,0.0
1084,1.05
1085,0.7
1086,1.05
1087,0.0
1088,0.0
1089,0.0
1090,0.0
1091,0.0
1092,0.5
1093,0.0
1094,1.05
1095,0.0
1096,0.75
1097,0.0
1098,0.8500000000000001
1099,0.0
1100,1.05
1101,0.0
1102,0.0
1103,0.0
1104,1.05
1105,0.0
1106,1.05
1107,0.0
1108,0.75
1109,0.0
1110,0.0
1111,0.05
1112,0.0
1113,1.05
1114,0.0
1115,0.0
1116,0.75
1117,0.25
1118,1.05
1119,1.05
1120,0.25
1121,0.7
1122,0.0
1123,0.0
1124,0.0
1125,0.0
1126,1.05
1127,0.5
1128,0.5
1129,0.8500000000000001
1130,0.0
1131,0.0
1132,0.5
1133,0.5
1134,0.0
1135,0.7
1136,0.0
1137,1.05
1138,0.2
1139,0.0
1140,0.05
1141,0.75
1142,0.0
1143,1.05
1144,0.0
1145,0.0
1146,1.05
1147,0.0
1148,1.05
1149,0.75
1150,0.0
1151,0.0
1152,0.55
1153,0.5
1154,0.0
1155,0.0
1156,0.0
1157,1.05
1158,0.0
1159,0.0
1160,1.05
1161,1.05
1162,1.0
1163,1.05
1164,0.0
1165,0.0
1166,1.05
1167,0.05
1168,0.0
1169,1.05
1170,1.05
1171,0.0
1172,0.0
1173,0.0
1174,0.25
1175,0.5
1176,0.5
1177,0.0
1178,0.0
1179,0.7
1180,0.05
1181,1.05
1182,0.0
1183,0.0
1184,0.5
1185,0.0
1186,0.7
1187,1.05
1188,0.0
1189,0.75
1190,0.0
1191,0.0
1192,0.75
1193,1.0
1194,0.0
1195,0.5
1196,0.0
1197,0.0
1198,0.0
1199,0.0
1200,1.05
1201,0.0
1202,0.0
1203,0.2
1204,0.0
1205,0.0
1206,1.05
1207,1.05
1208,0.55
1209,0.0
1210,0.7
1211,0.0
1212,1.05
1213,0.0
1214,0.0
1215,0.55
1216,0.0
1217,0.0
1218,1.0
1219,0.0
1220,0.0
1221,0.0
1222,0.0
1223,1.05
1224,0.0
1225,0.05
1226,0.75
1227,0.0
1228,0.25
1229,1.05
1230,1.0
1231,0.0
1232,0.5
1233,0.05
1234,0.0
1235,0.0
1236,0.0
1237,0.0
1238,0.0
1239,0.75
1240,1.05
1241,0.0
1242,0.0
1243,0.0
1244,0.3
1245,0.8
1246,0.0
1247,0.3
1248,0.2
1249,1.05
1250,0.25
1251,1.05
1252,0.75
1253,0.0
1254,0.7
1255,0.0
1256,0.0
1257,0.05
1258,0.5
1259,1.05
1260,0.0
1261,1.0
1262,1.05
1263,0.75
1264,0.0
1265,0.5
1266,0.0
1267,0.05
1268,1.05
1269,0.3
1270,0.05
1271,0.0
1272,0.0
1273,1.05
1274,0.5
1275,0.05
1276,1.05
1277,0.7
1278,0.0
1279,0.0
1280,0.0
1281,0.8
1282,0.0
1283,0.0
1284,0.0
1285,0.0
1286,0.0
1287,1.05
1288,0.0
1289,0.8
1290,0.0
1291,0.7
1292,1.05
1293,0.0
1294,1.05
1295,0.0
1296,0.75
1297,0.0
1298,0.0
1299,0.0
1300,0.0
1301,0.3
1302,1.05
1303,0.0
1304,0.45
1305,0.75
1306,0.0
1307,0.5
1308,0.55
1309,0.0
1310,0.0
1311,0.0
1312,1.05
1313,0.0
1314,0.0
1315,0.0
1316,0.75
1317,0.55
1318,1.05
1319,1.05
1320,1.0
1321,0.2
1322,0.0
1323,0.0
1324,0.0
1325,0.0
1326,0.0
1327,0.0
1328,0.0
1329,1.05
1330,0.0
1331,0.0
1332,0.0
1333,0.75
1334,0.5
1335,1.05
1336,0.0
1337,0.5
1338,0.0
1339,0.0
1340,0.0
1341,0.0
1342,1.05
1343,1.05
1344,0.0
1345,0.0
1346,1.05
1347,0.0
1348,0.0
1349,0.0
1350,0.0
1351,1.05
1352,0.0
1353,0.0
1354,1.05
1355,1.0
1356,0.0
1357,0.8
1358,0.0
1359,1.0
1360,1.05
1361,0.0
1362,0.0
1363,0.05
1364,0.0
1365,1.05
1366,0.0
1367,0.8
1368,0.05
1369,1.05
1370,1.05
1371,0.0
1372,0.0
1373,1.05
1374,0.8
1375,1.05
1376,0.0
1377,1.05
1378,0.0
1379,0.0
1380,0.0
1381,0.0
1382,0.0
1383,1.0
1384,0.75
1385,0.0
1386,1.05
1387,0.0
1388,0.0
1389,1.05
1390,0.0
1391,0.0
1392,0.0
1393,0.0
1394,0.0
1395,0.5
1396,0.0
1397,0.0
1398,0.0
1399,0.0
1400,0.0
1401,0.0
1402,0.5
1403,1.05
1404,0.05
1405,0.25
1406,1.05
1407,0.5
1408,0.5
1409,0.0
1410,0.8
1411,1.05
1412,1.05
1413,0.5
1414,0.5
1415,1.05
1416,0.0
1417,0.0
1418,0.0
1419,1.05
1420,0.55
1421,1.05
1422,0.0
1423,0.0
1424,0.5
1425,0.8
1426,0.0
1427,0.8500000000000001
1428,0.0
1429,1.0
1430,0.0
1431,1.0
1432,1.05
1433,0.0
1434,0.0
1435,0.0
1436,1.05
1437,0.5
1438,0.0
1439,0.0
1440,0.25
1441,0.0
1442,0.0
1443,0.0
1444,0.0
1445,0.55
1446,0.0
1447,0.0
1448,0.0
1449,1.05
1450,0.55
1451,0.8
1452,0.0
1453,0.0
1454,0.0
1455,0.75
1456,0.5
1457,0.0
1458,0.0
1459,0.7
1460,0.0
1461,0.8500000000000001
1462,0.0
1463,0.55
1464,1.05
1465,0.0
1466,0.0
1467,1.05
1468,1.0
1469,0.0
1470,0.0
1471,0.0
1472,1.05
1473,0.0
1474,0.5
1475,0.0
1476,0.0
1477,0.75
1478,0.0
1479,0.0
1480,0.0
1481,0.0
1482,0.0
1483,0.0
1484,0.0
1485,1.0
1486,0.0
1487,1.05
1488,0.0
1489,1.05
1490,0.0
1491,0.0
1492,1.05
1493,1.0
1494,0.75
1495,0.05
1496,0.5
1497,0.2
1498,0.5
1499,0.75
1500,0.25
1501,0.0
1502,0.55
1503,1.05
1504,0.0
1505,0.8500000000000001
1506,0.0
1507,0.0
1508,0.0
1509,0.55
1510,0.2
1511,1.0
1512,0.0
1513,0.0
1514,1.0
1515,0.0
1516,0.0
1517,0.0
1518,0.0
1519,0.0
1520,0.8
1521,1.05
1522,0.0
1523,0.7
1524,0.05
1525,0.05
1526,0.2
1527,0.0
1528,0.0
1529,0.0
1530,0.0
1531,0.0
1532,0.75
1533,1.05
1534,0.0
1535,0.0
1536,0.0
1537,1.05
1538,0.05
1539,0.0
1540,0.0
1541,0.0
1542,0.0
1543,0.3
1544,1.05
1545,0.0
1546,1.05
1547,0.0
1548,0.05
1549,0.0
1550,0.25
1551,0.0
1552,0.0
1553,0.5
1554,0.5
1555,1.05
1556,1.05
1557,1.05
1558,0.0
1559,0.8
1560,0.5
1561,0.0
1562,0.0
1563,0.0
1564,0.5
1565,0.0
1566,1.0
1567,0.0
1568,0.0
1569,0.0
1570,1.05
1571,0.25
1572,1.05
1573,0.0
1574,0.0
1575,0.5
1576,0.05
1577,0.0
1578,0.0
1579,0.0
1580,0.0
1581,0.0
1582,0.05
1583,0.0
1584,0.0
1585,0.0
1586,0.25
1587,1.05
1588,0.0
1589,0.0
1590,0.7
1591,0.75
1592,0.0
1593,1.05
1594,0.75
1595,0.0
1596,0.0
1597,0.8500000000000001
1598,0.0
1599,0.0
1600,0.8
1601,0.0
1602,0.8
1603,0.8500000000000001
1604,0.0
1605,0.5
1606,0.0
1607,0.0
1608,1.05
1609,0.0
1610,0.0
1611,0.7
1612,0.0
1613,0.0
1614,1.05
1615,0.0
1616,0.5
1617,0.0
1618,0.0
1619,0.0
1620,0.7
1621,1.0
1622,0.0
1623,1.05
1624,0.0
1625,0.0
1626,0.0
1627,0.8
1628,0.0
1629,1.05
1630,0.5
1631,0.0
1632,0.0
1633,0.0
1634,0.0
1635,0.0
1636,0.0
1637,0.7
1638,0.0
1639,0.0
1640,0.8500000000000001
1641,0.0
1642,1.05
1643,0.0
1644,0.0
1645,0.0
1646,0.0
1647,0.25
1648,1.05
1649,0.75
1650,0.0
1651,0.75
1652,0.0
1653,0.0
1654,1.05
1655,0.0
1656,0.0
1657,0.0
1658,0.0
1659,0.0
1660,1.0
1661,0.75
1662,1.05
1663,0.0
1664,1.0
1665,0.0
1666,0.0
1667,1.05
1668,0.0
1669,0.05
1670,0.0
1671,0.0
1672,0.3
1673,0.0
1674,0.0
1675,0.0
1676,0.0
1677,0.0
1678,0.0
1679,0.0
1680,0.0
1681,0.75
1682,0.0
1683,0.0
1684,0.0
1685,0.0
1686,0.0
1687,1.05
1688,1.05
1689,0.05
1690,1.05
1691,0.8
1692,0.25
1693,1.0
1694,0.0
1695,0.55
1696,0.0
1697,1.05
1698,0.05
1699,0.0
1700,0.0
1701,1.05
1702,0.25
1703,0.0
1704,1.05
1705,0.5
1706,1.05
1707,0.0
1708,0.0
1709,0.0
1710,0.5
1711,0.0
1712,0.0
1713,1.05
1714,0.0
1715,0.0
1716,0.0
1717,0.8500000000000001
1718,1.0
1719,1.05
1720,0.5
1721,0.5
1722,0.0
1723,0.0
1724,0.5
1725,0.0
1726,0.0
1727,1.05
1728,0.0
1729,0.0
1730,1.05
1731,0.25
1732,0.0
1733,0.0
1734,0.0
1735,1.05
1736,0.05
1737,0.0
1738,0.75
1739,0.0
1740,0.05
1741,0.0
1742,0.0
1743,0.0
1744,0.0
1745,0.0
1746,0.0
1747,1.0
1748,0.0
1749,1.05
1750,0.8
1751,0.0
1752,0.0
1753,1.05
1754,0.0
1755,1.05
1756,1.05
1757,0.0
1758,0.0
1759,0.25
1760,0.05
1761,0.0
1762,0.0
1763,0.05
1764,0.0
1765,1.0
1766,0.0
1767,0.8
1768,0.5
1769,0.0
1770,1.0
1771,1.05
1772,0.75
1773,0.0
1774,0.0
1775,0.0
1776,0.2
1777,0.0
1778,1.05
1779,0.25
1780,0.0
1781,0.05
1782,0.0
1783,0.0
1784,0.75
1785,1.05
1786,0.3
1787,0.0
1788,0.0
1789,0.7
1790,0.0
1791,0.5
1792,0.0
1793,0.0
1794,0.0
1795,0.5
1796,1.05
1797,0.5
1798,0.0
1799,0.0
1800,0.0
1801,0.0
1802,1.05
1803,0.75
1804,1.0
1805,0.0
1806,0.0
1807,0.8
1808,0.0
1809,0.05
1810,1.05
1811,0.0
1812,0.0
1813,1.05
1814,0.0
1815,1.05
1816,0.0
1817,1.05
1818,0.0
1819,0.0
1820,0.0
1821,0.0
1822,0.0
1823,1.05
1824,0.2
1825,1.05
1826,0.0
1827,0.0
1828,1.05
1829,0.2
1830,1.05
1831,0.5
1832,0.0
1833,1.05
1834,0.3
1835,0.0
1836,0.0
1837,0.0
1838,0.0
1839,0.0
1840,0.0
1841,1.05
1842,0.0
1843,0.0
1844,1.0
1845,0.0
1846,1.0
1847,1.05
1848,1.05
1849,0.2
1850,0.75
1851,0.0
1852,0.0
1853,1.05
1854,0.0
1855,0.5
1856,0.0
1857,0.0
1858,1.05
1859,0.0
1860,0.75
1861,0.75
1862,1.05
1863,0.25
1864,0.2
1865,0.55
1866,0.5
1867,0.0
1868,0.0
1869,0.0
1870,0.0
1871,1.05
1872,0.75
1873,0.0
1874,0.75
1875,0.3
1876,0.0
1877,0.25
1878,0.0
1879,0.0
1880,0.0
1881,0.0
1882,1.05
1883,0.0
1884,0.0
1885,0.0
1886,1.05
1887,0.0
1888,0.75
1889,1.05
1890,0.7
1891,0.0
1892,0.0
1893,1.05
1894,0.0
1895,1.05
1896,1.05
1897,1.05
1898,0.0
1899,0.0
1900,0.75
1901,0.0
1902,1.05
1903,1.05
1904,0.0
1905,1.05
1906,0.0
1907,0.5
1908,0.0
1909,0.8500000000000001
1910,0.0
1911,0.0
1912,0.55
1913,0.0
1914,0.75
1915,0.0
1916,0.0
1917,0.55
1918,0.0
1919,0.75
1920,0.75
1921,1.05
1922,1.05
1923,0.0
1924,0.0
1925,0.0
1926,1.05
1927,0.0
1928,1.05
1929,1.0
1930,0.0
1931,1.05
1932,0.0
1933,0.0
1934,0.0
1935,0.0
1936,0.75
1937,0.0
1938,1.05
1939,0.0
1940,1.05
1941,0.5
1942,0.0
1943,0.0
1944,0.0
1945,1.05
1946,0.0
1947,0.0
1948,0.0
1949,1.05
1950,0.0
1951,1.05
1952,0.0
1953,1.05
1954,0.0
1955,0.5
1956,1.05
1957,0.2
1958,0.8500000000000001
1959,1.05
1960,1.05
1961,0.0
1962,0.0
1963,0.0
1964,0.0
1965,0.0
1966,1.05
1967,0.0
1968,0.0
1969,0.0
1970,0.0
1971,0.75
1972,0.7
1973,0.5
1974,0.0
1975,0.0
1976,0.25
1977,0.0
1978,0.0
1979,0.0
1980,1.05
1981,0.0
1982,0.0
1983,0.05
1984,0.0
1985,0.5
1986,0.05
1987,0.0
1988,0.0
1989,0.5
1990,1.05
1991,0.7
1992,0.55
1993,0.0
1994,0.5
1995,0.0
1996,0.0
1997,0.0
1998,0.0
1999,0.0
2000,0.55
2001,0.5
2002,0.8500000000000001
2003,0.0
2004,0.0
2005,0.3
2006,0.0
2007,0.25
2008,0.75
2009,0.5
2010,0.0
2011,1.05
2012,1.05
2013,0.5
2014,0.0
2015,0.2
2016,0.0
2017,0.0
2018,0.0
2019,0.0
2020,0.0
2021,0.25
2022,1.05
2023,0.0
2024,0.2
2025,1.05
2026,0.0
2027,0.0
2028,0.05
2029,0.0
2030,0.2
2031,0.0
2032,1.05
2033,1.05
2034,0.0
2035,0.0
2036,0.5
2037,0.0
2038,1.05
2039,0.0
2040,1.05
2041,1.05
2042,0.0
2043,0.0
2044,1.05
2045,0.0
2046,0.0
2047,0.0
2048,0.5
2049,0.0
2050,0.0
2051,0.0
2052,0.0
2053,1.05
2054,1.05
2055,0.0
2056,0.8
2057,0.0
2058,0.75
2059,0.0
2060,0.5
2061,0.2
2062,0.5
2063,0.0
2064,0.0
2065,0.0
2066,0.7
2067,0.0
2068,1.05
2069,0.0
2070,0.0
2071,1.05
2072,0.0
2073,0.0
2074,0.0
2075,0.5
2076,0.0
2077,0.0
2078,0.0
2079,0.0
2080,0.0
2081,1.05
2082,0.0
2083,0.0
2084,0.0
2085,0.5
2086,0.0
2087,0.0
2088,0.0
2089,0.0
2090,0.0
2091,0.0
2092,0.0
2093,0.0
2094,0.0
2095,0.0
2096,0.7
2097,0.0
2098,0.0
2099,0.0
2100,0.0
2101,0.0
2102,0.0
2103,0.8500000000000001
2104,0.0
2105,0.0
2106,0.0
2107,0.0
2108,0.55
2109,1.05
2110,0.0
2111,0.7
2112,0.7
2113,0.0
2114,0.8
2115,0.0
2116,0.0
2117,0.0
2118,0.0
2119,0.0
2120,0.0
2121,0.0
2122,0.0
2123,0.0
2124,1.05
2125,1.0
2126,0.0
2127,0.0
2128,1.05
2129,0.0
2130,0.0
2131,0.75
2132,0.0
2133,0.0
2134,0.0
2135,0.0
2136,0.0
2137,0.35
2138,0.0
2139,1.05
2140,0.0
2141,1.05
2142,0.0
2143,0.0
2144,0.0
2145,0.0
2146,1.05
2147,0.0
2148,0.25
2149,0.55
2150,1.05
2151,1.05
2152,1.05
2153,0.0
2154,0.0
2155,1.05
2156,0.0
2157,1.05
2158,1.05
2159,1.0
2160,0.0
2161,0.0
2162,0.05
2163,0.05
2164,0.0
2165,0.0
2166,1.05
2167,0.0
2168,1.05
2169,0.0
2170,0.5
2171,0.0
2172,0.05
2173,0.0
2174,0.7
2175,0.5
2176,0.0
2177,0.0
2178,1.05
2179,0.0
2180,0.5
2181,1.05
2182,1.05
2183,0.0
2184,0.05
2185,0.8500000000000001
2186,0.0
2187,0.0
2188,0.25
2189,0.0
2190,1.05
2191,0.75
2192,0.75
2193,0.0
2194,1.0
2195,0.0
2196,1.05
2197,0.75
2198,0.0
2199,0.0
2200,1.0
2201,0.0
2202,0.0
2203,0.0
2204,0.0
2205,0.0
2206,1.05
2207,0.25
2208,0.0
2209,0.25
2210,1.05
2211,0.0
2212,0.0
2213,0.25
2214,0.0
2215,1.0
2216,0.5
2217,0.0
2218,0.5
2219,0.0
2220,0.0
2221,0.0
2222,0.0
2223,0.5
2224,0.5
2225,0.5
2226,0.75
2227,0.0
2228,0.5
2229,0.0
2230,0.0
2231,0.5
2232,0.75
2233,0.0
2234,0.0
2235,0.55
2236,0.5
2237,0.0
2238,1.0
2239,0.0
2240,1.0
2241,0.0
2242,0.0
2243,0.0
2244,0.0
2245,0.0
2246,0.0
2247,0.0
2248,0.7
2249,0.0
2250,1.05
2251,0.0
2252,0.7
2253,0.0
2254,0.0
2255,0.0
2256,0.0
2257,0.2
2258,1.05
2259,0.0
2260,0.0
2261,1.0
2262,1.05
2263,0.0
2264,0.0
2265,0.55
2266,0.0
2267,0.5
2268,0.0
2269,0.0
2270,0.0
2271,0.55
2272,0.0
2273,0.0
2274,0.0
2275,0.25
2276,0.0
2277,0.0
2278,0.0
2279,0.5
2280,0.5
2281,0.75
2282,0.0
2283,0.5
2284,0.5
2285,0.55
2286,0.0
2287,0.0
2288,0.0
2289,0.7
2290,0.0
2291,0.0
2292,0.0
2293,0.0
2294,0.55
2295,0.0
2296,0.0
2297,0.0
2298,0.5
2299,0.75
2300,1.05
2301,0.0
2302,0.75
2303,0.0
2304,1.05
2305,0.0
2306,0.0
2307,0.0
2308,0.0
2309,1.05
2310,0.3
2311,0.75
2312,0.0
2313,0.0
2314,0.5
2315,0.0
2316,0.5
2317,0.0
2318,0.0
2319,0.0
2320,0.05
2321,1.05
2322,0.0
2323,0.5
2324,0.0
2325,0.75
2326,0.0
2327,0.0
2328,0.05
2329,1.05
2330,0.55
2331,0.0
2332,0.0
2333,0.0
2334,1.05
2335,0.0
2336,1.05
2337,0.0
2338,1.05
2339,0.0
2340,0.0
2341,1.05
2342,0.0
2343,0.5
2344,1.05
2345,0.0
2346,1.05
2347,0.0
2348,0.5
2349,0.0
2350,0.0
2351,0.3
2352,0.0
2353,1.05
2354,0.0
2355,0.0
2356,0.0
2357,0.0
2358,0.0
2359,1.05
2360,0.0
2361,0.0
2362,0.7
2363,1.05
2364,1.05
2365,1.05
2366,0.7
2367,1.05
2368,0.0
2369,0.0
2370,0.7
2371,1.05
2372,0.0
2373,0.5
2374,0.0
2375,1.05
2376,0.75
2377,0.75
2378,0.25
2379,0.0
2380,0.0
2381,0.0
2382,0.5
2383,0.0
2384,0.0
2385,0.5
2386,0.75
2387,1.05
2388,1.05
2389,1.0
2390,0.0
2391,0.0
2392,0.0
2393,0.05
2394,1.05
2395,0.0
2396,0.0
2397,0.0
2398,0.0
2399,0.55
2400,0.45
2401,0.0
2402,0.0
2403,0.0
2404,0.0
2405,0.0
2406,0.0
2407,0.5
2408,0.55
2409,1.05
2410,0.75
2411,0.0
2412,0.0
2413,0.2
2414,0.0
2415,1.05
2416,0.0
2417,0.5
2418,0.0
2419,0.0
2420,0.05
2421,0.0
2422,0.2
2423,0.0
2424,0.0
2425,0.0
2426,0.0
2427,0.75
2428,0.7
2429,0.0
2430,0.0
2431,0.0
2432,0.3
2433,0.0
2434,1.05
2435,0.0
2436,1.0
2437,0.0
2438,0.0
2439,1.05
2440,0.0
2441,0.0
2442,0.0
2443,1.05
2444,0.0
2445,0.0
2446,0.0
2447,0.0
2448,0.0
2449,0.0
2450,0.55
2451,0.0
2452,0.75
2453,0.5
2454,0.0
2455,0.2
2456,0.0
2457,0.25
2458,0.8
2459,0.05
2460,0.25
2461,0.25
2462,0.0
2463,0.75
2464,0.0
2465,0.0
2466,0.75
2467,0.5
2468,1.05
2469,1.05
2470,0.0
2471,0.0
2472,0.0
2473,0.75
2474,0.0
2475,0.0
2476,0.5
2477,1.05
2478,0.0
2479,0.0
2480,0.0
2481,0.0
2482,0.0
2483,1.05
2484,0.05
2485,0.05
2486,0.0
2487,0.0
2488,0.5
2489,0.0
2490,0.0
2491,0.5
2492,0.0
2493,0.0
2494,0.0
2495,1.0
2496,0.0
2497,0.55
2498,0.0
2499,0.0
2500,0.0
2501,0.8500000000000001
2502,1.0
2503,0.0
2504,1.05
2505,0.0
2506,0.05
2507,1.05
2508,0.0
2509,0.0
2510,0.75
2511,0.0
2512,0.0
2513,1.05
2514,0.0
2515,0.0
2516,0.0
2517,0.0
2518,0.0
2519,0.25
2520,0.0
2521,0.25
2522,0.0
2523,0.0
2524,0.0
2525,1.05
2526,0.0
2527,0.0
2528,0.55
2529,0.0
2530,0.0
2531,0.0
2532,0.0
2533,0.5
2534,0.55
2535,0.0
2536,0.0
2537,0.0
2538,0.0
2539,0.0
2540,0.0
2541,0.5
2542,0.0
2543,0.75
2544,0.0
2545,0.0
2546,0.0
2547,0.0
2548,0.0
2549,1.05
2550,0.0
2551,1.05
2552,0.8500000000000001
2553,0.0
2554,1.05
2555,1.05
2556,0.0
2557,0.5
2558,0.0
2559,0.0
2560,0.0
2561,0.0
2562,0.75
2563,0.0
2564,0.0
2565,0.0
2566,0.0
2567,0.0
2568,1.05
2569,0.0
2570,0.0
2571,0.0
2572,0.5
2573,0.0
2574,0.3
2575,0.75
2576,0.0
2577,1.05
2578,0.0
2579,0.0
2580,0.0
2581,0.0
2582,0.3
2583,0.0
2584,0.7
2585,0.05
2586,0.0
2587,1.05
2588,0.0
2589,0.0
2590,0.0
2591,1.05
2592,0.25
2593,0.75
2594,0.0
2595,0.0
2596,0.2
2597,0.55
2598,0.0
2599,0.0
2600,0.0
2601,0.5
2602,0.0
2603,0.3
2604,0.0
2605,0.0
2606,0.8500000000000001
2607,0.0
2608,0.0
2609,0.0
2610,1.05
2611,0.0
2612,0.0
2613,0.0
2614,0.0
2615,0.75
2616,0.0
2617,1.05
2618,0.5
2619,0.05
2620,0.0
2621,0.75
2622,0.0
2623,0.3
2624,0.0
2625,1.05
2626,0.5
2627,0.0
2628,0.5
2629,0.25
2630,0.0
2631,0.25
2632,0.75
2633,0.0
2634,0.0
2635,0.0
2636,0.75
2637,0.0
2638,0.0
2639,0.0
2640,0.5
2641,0.0
2642,0.0
2643,0.0
2644,0.5
2645,0.05
2646,1.05
2647,1.05
2648,0.0
2649,1.05
2650,0.0
2651,0.0
2652,0.7
2653,0.5
2654,0.0
2655,0.0
2656,0.25
2657,0.8
2658,1.05
2659,1.05
2660,0.0
2661,0.0
2662,0.5
2663,0.0
2664,1.05
2665,0.0
2666,0.75
2667,1.05
2668,0.0
2669,0.0
2670,0.0
2671,0.5
2672,0.5
2673,0.8
2674,1.05
2675,0.0
2676,0.05
2677,1.05
2678,0.0
2679,0.25
2680,0.0
2681,0.0
2682,0.05
2683,0.75
2684,1.05
2685,1.05
2686,1.05
2687,0.0
2688,0.2
2689,0.0
2690,0.05
2691,0.25
2692,0.5
2693,0.0
2694,0.0
2695,1.05
2696,0.0
2697,0.0
2698,0.0
2699,0.0
2700,0.0
2701,0.05
2702,0.0
2703,1.05
2704,0.0
2705,0.75
2706,0.0
2707,0.0
2708,0.0
2709,0.0
2710,0.0
2711,0.0
2712,0.0
2713,0.55
2714,0.0
2715,0.8
2716,1.05
2717,0.0
2718,0.3
2719,0.0
2720,0.0
2721,0.0
2722,0.5
2723,0.0
2724,0.75
2725,0.8
2726,0.2
2727,0.0
2728,1.05
2729,0.3
2730,0.0
2731,0.8
2732,0.75
2733,0.0
2734,0.0
2735,0.0
2736,0.0
2737,0.0
2738,0.5
2739,0.0
2740,0.0
2741,1.05
2742,0.0
2743,0.0
2744,0.0
2745,0.5
2746,0.0
2747,0.0
2748,0.75
2749,0.0
2750,1.05
2751,0.5
2752,1.05
2753,0.0
2754,0.0
2755,0.0
2756,1.05
2757,0.0
2758,0.0
2759,0.0
2760,0.0
2761,1.05
2762,0.0
2763,0.0
2764,1.05
2765,0.25
2766,0.0
2767,0.0
2768,1.05
2769,0.75
2770,0.0
2771,0.0
2772,1.05
2773,0.0
2774,0.7
2775,0.0
2776,0.7
2777,0.25
2778,1.05
2779,1.05
2780,1.05
2781,0.25
2782,0.0
2783,0.5
2784,1.05
2785,0.5
2786,1.05
2787,0.25
2788,1.0
2789,0.0
2790,0.0
2791,1.05
2792,0.5
2793,0.0
2794,0.0
2795,1.05
2796,0.0
2797,0.0
2798,0.2
2799,0.5
2800,0.5
2801,0.0
2802,0.55
2803,1.05
2804,0.8
2805,1.05
2806,0.7
2807,0.0
2808,0.75
2809,1.05
2810,0.55
2811,0.0
2812,0.0
2813,0.0
2814,0.0
2815,0.0
2816,0.0
2817,1.05
2818,0.0
2819,0.7
2820,0.0
2821,0.0
2822,0.0
2823,1.05
2824,0.25
2825,0.0
2826,0.0
2827,0.0
2828,0.7
2829,0.0
2830,0.0
2831,0.0
2832,1.05
2833,0.0
2834,0.0
2835,1.05
2836,0.0
2837,1.05
2838,0.25
2839,0.7
2840,0.0
2841,0.0
2842,0.0
2843,0.0
2844,1.05
2845,0.75
2846,0.0
2847,1.0
2848,0.0
2849,1.05
2850,0.2
2851,0.75
2852,0.55
2853,0.75
2854,1.05
2855,1.05
2856,1.05
2857,0.0
2858,0.0
2859,0.0
2860,0.0
2861,1.05
2862,0.0
2863,0.0
2864,0.25
2865,0.75
2866,0.0
2867,0.7
2868,0.5
2869,0.0
2870,0.25
2871,0.0
2872,0.5
2873,1.05
2874,0.0
2875,1.05
2876,0.5
2877,0.0
2878,0.0
2879,0.0
2880,1.05
2881,0.0
2882,1.05
2883,0.0
2884,0.0
2885,0.0
2886,0.75
2887,0.0
2888,0.5
2889,0.0
2890,0.75
2891,0.0
2892,0.0
2893,0.0
2894,1.05
2895,0.0
2896,0.0
2897,0.0
2898,0.0
2899,1.05
2900,1.0
2901,0.8
2902,0.0
2903,0.0
2904,0.0
2905,0.0
2906,0.5
2907,0.0
2908,0.0
2909,0.0
2910,0.0
2911,0.0
2912,0.0
2913,0.0
2914,0.0
2915,0.0
2916,0.5
2917,1.05
2918,0.3
2919,1.05
2920,0.0
2921,0.5
2922,0.0
2923,0.0
2924,1.05
2925,0.0
2926,0.0
2927,0.0
2928,0.05
2929,0.0
2930,1.05
2931,1.05
2932,0.5
2933,0.0
2934,0.0
2935,0.0
2936,0.0
2937,0.0
2938,0.25
2939,0.05
2940,1.05
2941,0.5
2942,0.0
2943,0.0
2944,0.0
2945,1.0
2946,0.0
2947,1.05
2948,0.0
2949,0.0
2950,0.05
2951,0.45
2952,1.0
2953,0.0
2954,0.0
2955,0.5
2956,0.0
2957,0.0
2958,0.0
2959,0.0
2960,0.0
2961,0.5
2962,0.0
2963,1.05
2964,0.0
2965,1.05
2966,0.0
2967,0.0
2968,1.05
2969,0.0
2970,0.0
2971,0.0
2972,0.0
2973,1.05
2974,1.05
2975,0.0
2976,1.05
2977,1.05
2978,0.2
2979,1.05
2980,0.0
2981,0.0
2982,0.0
2983,0.0
2984,0.0
2985,0.0
2986,0.0
2987,1.05
2988,0.5
2989,1.0
2990,0.0
2991,0.0
2992,0.0
2993,0.8
2994,0.0
2995,0.0
2996,0.0
2997,0.0
2998,0.0
2999,0.05
3000,0.0
3001,1.05
3002,0.0
3003,0.0
3004,0.55
3005,0.0
3006,1.05
3007,0.0
3008,0.0
3009,0.0
3010,0.0
3011,0.0
3012,1.05
3013,0.0
3014,0.0
3015,1.05
3016,0.0
3017,0.0
3018,0.0
3019,0.5
3020,1.05
3021,0.0
3022,0.5
3023,1.05
3024,0.05
3025,0.5
3026,0.5
3027,1.05
3028,1.05
3029,0.5
3030,0.5
3031,0.0
3032,0.8500000000000001
3033,0.0
3034,0.0
3035,0.0
3036,1.05
3037,0.0
3038,0.0
3039,0.0
3040,0.0
3041,0.05
3042,0.0
3043,0.0
3044,1.05
3045,0.0
3046,0.0
3047,0.0
3048,0.0
3049,0.0
3050,0.0
3051,0.0
3052,0.0
3053,1.05
3054,0.0
3055,0.5
3056,0.5
3057,0.0
3058,1.05
3059,0.0
3060,0.7
3061,0.05
3062,1.05
3063,1.05
3064,0.0
3065,0.0
3066,1.0
3067,0.0
3068,0.8
3069,0.0
3070,0.5
3071,0.0
3072,0.0
3073,0.0
3074,1.05
3075,0.0
3076,0.0
3077,0.0
3078,0.5
3079,0.0
3080,0.0
3081,0.0
3082,0.75
3083,0.0
3084,1.05
3085,0.0
3086,0.5
3087,1.05
3088,0.5
3089,0.0
3090,0.8
3091,0.0
3092,0.0
3093,0.0
3094,0.0
3095,0.0
3096,0.0
3097,0.05
3098,1.05
3099,0.0
3100,0.05
3101,0.5
3102,0.0
3103,0.0
3104,0.8500000000000001
3105,0.0
3106,0.55
3107,1.0
3108,0.0
3109,0.0
3110,1.05
3111,0.0
3112,0.75
3113,0.0
3114,0.0
3115,0.8
3116,0.25
3117,0.0
3118,1.05
3119,0.2
3120,0.0
3121,0.75
3122,0.0
3123,0.0
3124,1.0
3125,0.0
3126,0.0
3127,1.05
3128,0.0
3129,0.7
3130,0.0
3131,0.0
3132,0.0
3133,0.8
3134,0.0
3135,0.3
3136,1.05
3137,0.25
3138,0.0
3139,0.0
3140,0.0
3141,1.05
3142,0.75
3143,1.05
3144,0.0
3145,0.25
3146,0.0
3147,0.0
3148,0.55
3149,0.0
3150,1.05
3151,0.0
3152,1.05
3153,0.0
3154,0.0
3155,0.0
3156,0.0
3157,0.0
3158,1.05
3159,0.0
3160,0.0
3161,0.0
3162,0.0
3163,0.0
3164,1.05
3165,0.05
3166,0.0
3167,0.75
3168,0.0
3169,0.0
3170,0.5
3171,0.0
3172,0.5
3173,0.0
3174,1.05
3175,1.05
3176,0.0
3177,0.5
3178,0.25
3179,0.0
3180,0.0
3181,0.0
3182,0.0
3183,0.0
3184,0.0
3185,0.55
3186,0.0
3187,0.0
3188,0.0
3189,0.0
3190,1.05
3191,0.5
3192,0.5
3193,0.0
3194,1.05
3195,1.0
3196,0.5
3197,0.0
3198,0.55
3199,0.0
3200,0.5
3201,1.05
3202,0.55
3203,0.75
3204,0.0
3205,0.0
3206,0.0
3207,1.05
3208,0.0
3209,0.0
3210,1.05
3211,0.55
3212,0.0
3213,0.0
3214,0.0
3215,1.05
3216,0.0
3217,0.7
3218,0.0
3219,0.0
3220,0.0
3221,1.05
3222,0.8
3223,0.0
3224,0.0
3225,0.0
3226,0.0
3227,0.0
3228,0.0
3229,1.0
3230,0.0
3231,0.5
3232,0.75
3233,1.05
3234,1.05
3235,0.55
3236,0.0
3237,0.5
3238,0.0
3239,0.0
3240,0.5
3241,0.0
3242,1.05
3243,0.75
3244,0.0
3245,1.05
3246,0.05
3247,0.75
3248,0.5
3249,1.05
3250,0.0
3251,1.05
3252,0.0
3253,0.0
3254,0.05
3255,0.0
3256,0.0
3257,0.75
3258,0.0
3259,0.0
3260,0.0
3261,0.0
3262,0.0
3263,0.0
3264,0.0
3265,0.8
3266,0.0
3267,0.0
3268,0.0
3269,0.0
3270,0.0
3271,0.0
3272,1.05
3273,0.2
3274,0.0
3275,0.8
3276,0.0
3277,0.0
3278,0.0
3279,0.7
3280,0.75
3281,0.0
3282,0.0
3283,0.25
3284,0.0
3285,0.0
3286,1.05
3287,0.5
3288,0.0
3289,0.0
3290,0.0
3291,0.0
3292,0.7
3293,0.0
3294,0.0
3295,0.25
3296,0.0
3297,0.8
3298,0.55
3299,0.0
3300,0.5
3301,0.25
3302,0.2
3303,0.0
3304,0.0
3305,0.5
3306,1.05
3307,0.0
3308,0.0
3309,1.05
3310,0.0
3311,0.25
3312,1.05
3313,0.0
3314,0.75
3315,0.0
3316,1.05
3317,1.05
3318,0.0
3319,0.05
3320,1.05
3321,0.25
3322,1.05
3323,0.0
3324,0.0
3325,1.05
3326,0.5
3327,1.05
3328,0.0
3329,0.0
3330,0.0
3331,0.0
3332,0.5
3333,0.0
3334,0.0
3335,0.0
3336,0.5
3337,0.75
3338,0.25
3339,0.0
3340,0.0
3341,0.0
3342,0.0
3343,0.5
3344,0.3
3345,1.05
3346,0.0
3347,0.75
3348,0.0
3349,1.0
3350,0.0
3351,0.5
3352,0.0
3353,0.0
3354,0.5
3355,0.5
3356,0.0
3357,1.05
3358,0.0
3359,1.05
3360,1.05
3361,0.0
3362,0.0
3363,1.0
3364,0.0
3365,0.0
3366,0.0
3367,0.5
3368,0.5
3369,0.0
3370,0.0
3371,0.0
3372,1.05
3373,0.5
3374,0.5
3375,0.7
3376,0.0
3377,0.0
3378,0.0
3379,0.0
3380,0.0
3381,0.75
3382,1.05
3383,0.75
3384,1.0
3385,0.0
3386,0.7
3387,0.75
3388,0.0
3389,0.0
3390,0.0
3391,1.0
3392,1.0
3393,0.0
3394,0.05
3395,1.05
3396,1.05
3397,0.8
3398,0.8
3399,0.0
3400,0.0
3401,0.0
3402,0.0
3403,0.75
3404,0.0
3405,0.8
3406,0.0
3407,0.0
3408,1.05
3409,0.0
3410,0.0
3411,1.05
3412,0.05
3413,0.75
3414,0.0
3415,0.0
3416,0.0
3417,0.0
3418,0.7
3419,0.0
3420,0.0
3421,0.0
3422,0.0
3423,1.0
3424,0.5
3425,0.0
3426,0.5
3427,0.2
3428,0.8500000000000001
3429,0.5
3430,1.0
3431,0.8
3432,0.0
3433,0.5
3434,0.0
3435,0.0
3436,0.5
3437,0.0
3438,1.05
3439,0.75
3440,0.0
3441,0.0
3442,0.0
3443,0.05
3444,0.0
3445,0.75
3446,1.05
3447,0.0
3448,0.0
3449,0.0
3450,1.05
3451,1.05
3452,0.0
3453,0.0
3454,0.0
3455,0.0
3456,0.0
3457,0.0
3458,0.0
3459,0.0
3460,0.0
3461,1.0
3462,0.0
3463,0.0
3464,0.05
3465,0.0
3466,0.0
3467,0.0
3468,1.05
3469,0.0
3470,0.0
3471,0.5
3472,0.0
3473,1.05
3474,0.0
3475,0.0
3476,0.0
3477,0.2
3478,0.75
3479,0.0
3480,0.0
3481,1.0
3482,0.5
3483,0.75
3484,0.05
3485,0.0
3486,1.05
3487,0.5
3488,0.3
3489,0.0
3490,1.05
3491,1.05
3492,0.0
3493,0.0
3494,0.0
3495,0.75
3496,0.7
3497,0.5
3498,1.05
3499,1.05
3500,0.0
3501,0.55
3502,0.55
3503,1.0
3504,1.05
3505,0.5
3506,0.0
3507,0.2
3508,0.55
3509,1.05
3510,0.75
3511,0.25
3512,0.0
3513,0.0
3514,0.8
3515,0.0
3516,0.0
3517,0.0
3518,0.0
3519,0.0
3520,0.0
3521,1.05
3522,1.05
3523,1.05
3524,0.0
3525,0.0
3526,1.05
3527,0.0
3528,0.5
3529,0.05
3530,1.05
3531,0.0
3532,0.0
3533,0.0
3534,1.05
3535,0.0
3536,0.75
3537,0.0
3538,0.0
3539,0.0
3540,0.5
3541,0.0
3542,0.25
3543,0.75
3544,0.0
3545,0.75
3546,0.0
3547,0.0
3548,0.0
3549,1.05
3550,0.0
3551,1.05
3552,0.0
3553,0.0
3554,1.05
3555,0.0
3556,0.0
3557,0.0
3558,0.0
3559,1.05
3560,0.0
3561,0.0
3562,0.0
3563,0.0
3564,0.2
3565,0.0
3566,0.0
3567,0.0
3568,1.05
3569,1.05
3570,1.05
3571,0.0
3572,0.5
3573,1.05
3574,0.3
3575,0.0
3576,0.0
3577,0.0
3578,0.0
3579,0.0
3580,0.0
3581,0.0
3582,1.0
3583,0.0
3584,0.2
3585,0.0
3586,0.0
3587,0.0
3588,0.0
3589,0.0
3590,0.0
3591,0.0
3592,0.0
3593,1.05
3594,0.0
3595,0.05
3596,0.0
3597,0.0
3598,1.05
3599,0.0
3600,0.0
3601,1.05
3602,0.0
3603,0.0
3604,0.5
3605,1.05
3606,0.75
3607,0.0
3608,0.0
3609,0.0
3610,0.55
3611,0.0
3612,0.0
3613,0.0
3614,0.0
3615,0.75
3616,1.05
3617,0.0
3618,0.0
3619,1.05
3620,0.0
3621,0.0
3622,0.0
3623,1.05
3624,0.0
3625,1.0
3626,1.0
3627,0.0
3628,1.05
3629,0.0
3630,0.0
3631,1.05
3632,0.05
3633,0.0
3634,0.0
3635,0.05
3636,0.5
3637,0.0
3638,0.0
3639,0.0
3640,0.0
3641,0.0
3642,0.75
3643,0.05
3644,0.0
3645,0.0
3646,0.0
3647,0.0
3648,0.0
3649,0.0
3650,0.0
3651,0.0
3652,0.0
3653,0.0
3654,0.55
3655,0.0
3656,0.0
3657,0.75
3658,0.0
3659,0.0
3660,0.3
3661,0.0
3662,0.0
3663,0.0
3664,0.0
3665,0.0
3666,0.55
3667,0.0
3668,0.0
3669,0.05
3670,0.0
3671,0.8
3672,0.0
3673,0.5
3674,1.05
3675,1.05
3676,0.75
3677,0.0
3678,0.0
3679,0.7
3680,0.0
3681,0.0
3682,1.0
3683,0.3
3684,0.0
3685,0.0
3686,0.0
3687,0.0
3688,0.0
3689,0.0
3690,0.0
3691,0.0
3692,0.0
3693,0.7
3694,0.0
3695,0.8
3696,0.0
3697,1.05
3698,0.0
3699,0.0
3700,0.0
3701,0.0
3702,0.0
3703,0.0
3704,0.0
3705,0.0
3706,1.05
3707,0.0
3708,0.0
3709,0.0
3710,0.5
3711,1.05
3712,0.75
3713,0.0
3714,1.05
3715,1.0
3716,0.5
3717,1.05
3718,0.0
3719,0.75
3720,1.05
3721,0.55
3722,0.0
3723,0.0
3724,0.0
3725,0.5
3726,1.05
3727,0.0
3728,0.5
3729,0.5
3730,0.2
3731,0.0
3732,0.0
3733,0.0
3734,0.0
3735,0.0
3736,0.55
3737,0.8500000000000001
3738,0.0
3739,1.05
3740,0.5
3741,0.0
3742,0.0
3743,0.75
3744,0.5
3745,0.5
3746,0.5
3747,0.5
3748,0.75
3749,0.75
3750,0.55
3751,0.7
3752,0.0
3753,0.5
3754,0.2
3755,0.0
3756,0.0
3757,0.0
3758,0.75
3759,0.0
3760,1.05
3761,0.0
3762,0.8500000000000001
3763,1.05
3764,0.3
3765,0.2
3766,0.0
3767,0.0
3768,0.3
3769,0.0
3770,0.0
3771,1.05
3772,1.05
3773,0.0
3774,0.25
3775,0.0
3776,0.0
3777,0.0
3778,1.05
3779,1.05
3780,0.0
3781,1.05
3782,1.05
3783,1.05
3784,0.0
3785,0.0
3786,0.75
3787,0.8
3788,0.0
3789,1.05
3790,0.0
3791,0.75
3792,0.0
3793,0.0
3794,0.5
3795,0.0
3796,0.0
3797,0.0
3798,0.2
3799,0.0
3800,1.05
3801,1.05
3802,0.75
3803,0.0
3804,0.0
3805,0.05
3806,1.0
3807,0.0
3808,1.05
3809,0.0
3810,0.0
3811,0.05
3812,0.0
3813,0.2
3814,0.0
3815,0.0
3816,1.05
3817,0.0
3818,0.75
3819,0.0
3820,0.0
3821,0.0
3822,0.0
3823,0.5
3824,1.05
3825,0.75
3826,1.0
3827,0.5
3828,1.05
3829,1.05
3830,0.0
3831,0.0
3832,0.0
3833,0.75
3834,1.05
3835,0.0
3836,0.0
3837,0.3
3838,0.75
3839,0.0
3840,0.2
3841,0.0
3842,0.0
3843,0.0
3844,0.0
3845,0.0
3846,0.2
3847,0.0
3848,0.0
3849,0.75
3850,1.05
3851,0.0
3852,0.25
3853,0.0
3854,0.5
3855,0.55
3856,0.0
3857,0.0
3858,0.7
3859,0.3
3860,0.0
3861,0.0
3862,0.5
3863,0.0
3864,0.55
3865,0.5
3866,0.05
3867,0.0
3868,0.0
3869,0.0
3870,0.0
3871,0.0
3872,0.0
3873,1.05
3874,0.0
3875,1.05
3876,0.0
3877,0.75
3878,0.0
3879,0.0
3880,0.0
3881,0.0
3882,1.05
3883,1.05
3884,0.0
3885,0.0
3886,0.0
3887,0.0
3888,1.0
3889,0.0
3890,0.5
3891,0.0
3892,0.0
3893,1.05
3894,0.0
3895,0.0
3896,0.0
3897,0.0
3898,0.0
3899,0.0
3900,1.05
3901,0.0
3902,0.0
3903,0.75
3904,0.0
3905,0.0
3906,0.0
3907,0.2
3908,0.0
3909,0.0
3910,0.75
3911,0.05
3912,0.0
3913,0.75
3914,0.0
3915,0.5
3916,0.25
3917,0.75
3918,0.0
3919,0.5
3920,0.0
3921,1.05
3922,0.0
3923,0.7
3924,0.05
3925,0.25
3926,0.0
3927,0.0
3928,0.75
3929,1.05
3930,0.0
3931,1.05
3932,0.8
3933,0.0
3934,0.0
3935,1.0
3936,0.5
3937,0.0
3938,0.0
3939,0.0
3940,0.0
3941,0.0
3942,0.0
3943,0.0
3944,0.0
3945,1.05
3946,0.0
3947,1.0
3948,0.0
3949,0.0
3950,0.0
3951,0.0
3952,0.0
3953,0.0
3954,0.0
3955,0.0
3956,0.0
3957,1.05
3958,0.0
3959,1.0
3960,0.5
3961,0.8
3962,0.0
3963,0.0
3964,1.0
3965,0.0
3966,0.0
3967,0.5
3968,0.8
3969,0.8
3970,0.25
3971,0.0
3972,0.0
3973,0.0
3974,0.0
3975,1.05
3976,0.0
3977,1.05
3978,0.0
3979,0.5
3980,1.0
3981,0.25
3982,0.55
3983,0.0
3984,0.0
3985,1.05
3986,0.05
3987,1.0
3988,1.05
3989,1.05
3990,1.05
3991,0.0
3992,0.0
3993,0.0
3994,0.0
3995,0.0
3996,0.0
3997,0.75
3998,0.0
3999,1.05
4000,0.0
4001,0.0
4002,0.0
4003,0.0
4004,0.0
4005,0.0
4006,0.0
4007,1.05
4008,0.0
4009,1.05
4010,0.0
4011,0.0
4012,1.05
4013,0.05
4014,0.75
4015,0.55
4016,0.0
4017,1.05
4018,0.0
4019,0.8
4020,0.0
4021,0.0
4022,0.05
4023,0.0
4024,0.0
4025,0.0
4026,0.0
4027,0.0
4028,0.0
4029,0.2
4030,0.0
4031,1.05
4032,0.0
4033,0.25
4034,0.75
4035,1.05
4036,1.0
4037,0.75
4038,0.0
4039,0.0
4040,0.0
4041,0.5
4042,0.0
4043,0.05
4044,0.0
4045,0.75
4046,0.0
4047,0.0
4048,0.0
4049,0.0
4050,0.5
4051,0.8
4052,0.45
4053,0.0
4054,1.05
4055,0.0
4056,0.0
4057,0.0
4058,0.0
4059,0.5
4060,1.05
4061,1.05
4062,0.0
4063,0.0
4064,0.0
4065,0.0
4066,1.05
4067,0.0
4068,0.0
4069,1.0
4070,0.0
4071,1.05
4072,0.7
4073,0.0
4074,1.05
4075,0.0
4076,0.0
4077,0.0
4078,0.0
4079,1.05
4080,0.0
4081,0.25
4082,1.05
4083,0.0
4084,0.0
4085,0.0
4086,1.05
4087,0.0
4088,0.75
4089,1.05
4090,0.0
4091,0.75
4092,0.0
4093,0.0
4094,0.8500000000000001
4095,0.0
4096,0.0
4097,1.05
4098,0.0
4099,0.5
4100,0.0
4101,0.25
4102,0.0
4103,1.05
4104,0.0
4105,0.5
4106,0.0
4107,0.0
4108,0.0
4109,0.0
4110,0.5
4111,0.0
4112,0.8
4113,0.0
4114,0.75
4115,0.5
4116,1.05
4117,0.75
4118,0.0
4119,1.05
4120,0.55
4121,0.0
4122,0.8500000000000001
4123,0.0
4124,0.75
4125,0.0
4126,1.0
4127,0.0
4128,0.0
4129,0.0
4130,0.0
4131,0.0
4132,0.0
4133,0.0
4134,0.0
4135,1.05
4136,0.0
4137,0.0
4138,0.0
4139,0.0
4140,0.0
4141,0.5
4142,0.0
4143,0.0
4144,0.0
4145,0.2
4146,0.0
4147,0.0
4148,0.0
4149,0.55
4150,0.0
4151,0.0
4152,0.0
4153,1.0
4154,1.05
4155,0.05
4156,1.05
4157,0.5
4158,0.8
4159,1.05
4160,0.0
4161,0.0
4162,0.0
4163,0.0
4164,0.0
4165,0.5
