True,0
0,0.2996932826284015
1,0.7973933924928337
2,0.5436678934514715
3,0.7057188307139929
4,0.7885638758815395
5,0.5878780508007199
6,0.29627073022164024
7,0.4800744026550237
8,0.3748370316178251
9,0.6004118560008529
10,0.31784552072714173
11,0.8671734665816958
12,0.11624086507678363
13,0.48381616534006366
14,0.8925568426965135
15,0.4707523680460185
16,0.10614204069755494
17,0.6155189442475767
18,0.6562440360336252
19,0.4308547730345336
20,0.22100469217472218
21,0.6107715744689158
22,0.5026350904863031
23,0.13464963990059664
24,0.8426893345811894
25,0.7959466308926983
26,0.7887175371645717
27,0.2983063297617427
28,0.23361075965249192
29,0.5196632173763116
30,0.6787057085020645
31,0.4345893169645703
32,0.6106624756264635
33,0.6173989950095924
34,0.6367632655049458
35,0.1568550067509123
36,0.43134411736676953
37,0.25433419204812946
38,0.3853849819036977
39,0.3905159442147113
40,0.34941881143760506
41,0.43948320048522654
42,0.270006038564289
43,0.5083381763069522
44,0.8566952316660021
45,0.5271600542001751
46,0.43699347425339113
47,0.4271970865560144
48,0.4000673188940458
49,0.3798444588994251
50,0.19991406062392356
51,0.21331169698772998
52,0.08312565460147858
53,0.5605574657371367
54,0.626608281054443
55,0.4119879297027968
56,0.4961795584836341
57,0.40453246982125046
58,0.2753561249200883
59,0.1382786426824249
60,0.3810954267784345
61,0.2092163085658291
62,0.36921562844207484
63,0.7177455888538128
64,0.22121926226022598
65,0.6754344627077047
66,0.45372552221240214
67,0.49001925624013853
68,0.10584914639072987
69,0.40177836688460183
70,0.7087869934985642
71,0.14564894812499635
72,0.19350895249374278
73,0.7962307815107134
74,0.4549490163215874
75,0.19018270799227444
76,0.5080191272941585
77,0.33291718497687783
78,0.5328607442243871
79,0.4958999175055876
80,0.10500862153214915
81,0.8108281973465703
82,0.4340988676328016
83,0.19573607821219274
84,0.41366951288630416
85,0.7795820257840498
86,0.18346132802623388
87,0.6313710641852032
88,0.5332978030209374
89,0.5127679979314649
90,0.1238680059942958
91,0.636113621614758
92,0.7494737214814066
93,0.38204821191413607
94,0.3827751212073467
95,0.5636286531978372
96,0.2162508789859955
97,0.22978153026943798
98,0.4680545729994837
99,0.520036823200457
100,0.5724845227792922
101,0.2322957492911039
102,0.31070439024016827
103,0.6175205103448237
104,0.6122529587623258
105,0.4632372147883457
106,0.6813054012862609
107,0.4190448963785841
108,0.37352204299052333
109,0.2895248435670252
110,0.5739630999875708
111,0.2376614366777205
112,0.21521348090168987
113,0.7079214328055577
114,0.5793054154762363
115,0.5843811904354056
116,0.7918750551731467
117,0.3450531576774866
118,0.3855913714784808
119,0.5899754307762397
120,0.2662957431381026
121,0.28977276204099495
122,0.41214226981320146
123,0.6178513606134307
124,0.4907733581629276
125,0.28513778722626976
126,0.7870652147813529
127,0.19521822500176036
128,0.41452792611642203
129,0.8095264478682459
130,0.2666420844593998
131,0.6052313475047351
132,0.45108598412711104
133,0.3107548377853115
134,0.20979258674134624
135,0.7504041061405765
136,0.5775337096828885
137,0.20989881376991315
138,0.2145443321659638
139,0.8794796384334631
140,0.46946372474934367
141,0.39188033544362894
142,0.6453950417869678
143,0.5084232350481818
144,0.8222662274775048
145,0.29863688203976246
146,0.6417201615773692
147,0.782963558197452
148,0.5242242312166696
149,0.21158357002073425
150,0.3981879012759491
151,0.4910231580282478
152,0.6352492648945058
153,0.14851892412815804
154,0.6256516445064552
155,0.2098124830826912
156,0.21754567038587178
157,0.49477100510675526
158,0.20081181728152167
159,0.8449518901083325
160,0.6913343440144853
161,0.4141193236852975
162,0.24992674017408253
163,0.3864477765268088
164,0.3526779046910029
165,0.18032977986189008
166,0.6670559824130327
167,0.41783120730841067
168,0.3378780698818531
169,0.27243308815383
170,0.3852811288696431
171,0.21040846461779214
172,0.146223158591751
173,0.3401192432617185
174,0.11494113335378602
175,0.5582584739298044
176,0.5627285068383425
177,0.19391745285639536
178,0.5128677761716941
179,0.794159303730631
180,0.3419643343703196
181,0.4327160430772684
182,0.7141431886770829
183,0.7708952859446963
184,0.7960446272439404
185,0.46896826632753824
186,0.452967658532945
187,0.5890489199120612
188,0.33846229283138357
189,0.3766991075031608
190,0.23841321156887835
191,0.724760175970634
192,0.46658818315082434
193,0.9224290198964943
194,0.7043098729143018
195,0.30386602979314076
196,0.4029745867404061
197,0.6822952253196086
198,0.6629273852435975
199,0.25603375112282034
200,0.440648822103573
201,0.39596179916883273
202,0.3076688708899614
203,0.21971107529680872
204,0.15507558812957964
205,0.7070895995272857
206,0.44646272678578014
207,0.6245537201299123
208,0.5566463085622267
209,0.667186336074778
210,0.48808329235988407
211,0.4390794028913391
212,0.6010659906059765
213,0.2837959888360041
214,0.19757685782151924
215,0.5475704353773821
216,0.19647707091855984
217,0.5220768962376817
218,0.13935120117673405
219,0.29807008887831027
220,0.6797526367586029
221,0.6241452273116976
222,0.21183646416927168
223,0.3293367348927901
224,0.4580747682717407
225,0.31570453015913813
226,0.5482638241382796
227,0.4721297023791653
228,0.43334738570833414
229,0.32339755178355817
230,0.36210591471947906
231,0.39550217644546687
232,0.3755707118030646
233,0.07470310356217322
234,0.3674175972429612
235,0.3132576404908029
236,0.8365494336370105
237,0.37207097414518314
238,0.5152566029926591
239,0.20991378630213828
240,0.4437915516076464
241,0.6292023290971698
242,0.4360071405081987
243,0.5177143289532676
244,0.33272879009392015
245,0.2776354447157643
246,0.0480020149927963
247,0.6469819246624943
248,0.2388777115916712
249,0.2900739954820423
250,0.22743661403866733
251,0.7393059776877351
252,0.34346627152321424
253,0.7031488089697502
254,0.6199531336276054
255,0.29129327498202917
256,0.8842806350467518
257,0.43728437076445925
258,0.41434554938335566
259,0.18587986950920843
260,0.3885281281374869
261,0.4854452012973809
262,0.7116959190411527
263,0.8365172011281576
264,0.5595773607645486
265,0.28599505917469237
266,0.49547696126402224
267,0.5186513053386129
268,0.324707249461004
269,0.8956400587076548
270,0.7830470736422935
271,0.9212019993847796
272,0.30164061580849644
273,0.21467960534970426
274,0.4129248507163003
275,0.3406913256307789
276,0.3209737295394709
277,0.5526741537013335
278,0.3816518308043748
279,0.37561871720309287
280,0.1869940332182044
281,0.3573728152294523
282,0.5122840047575294
283,0.4604359102931974
284,0.33123075590567136
285,0.22554723567092078
286,0.412157342442162
287,0.8917089841965921
288,0.2407833024928978
289,0.35019561506164937
290,0.37239838363960104
291,0.3417155953148688
292,0.29633977512553944
293,0.36740085750684376
294,0.24402885137324018
295,0.5410071485876023
296,0.8553213364743607
297,0.5167094878965189
298,0.8305963060145982
299,0.37635342939982847
300,0.30890826895685025
301,0.2635734434361645
302,0.6231996897870443
303,0.12190959928912627
304,0.5210181476000119
305,0.9079444369125594
306,0.25723196671612725
307,0.639600786780874
308,0.5278858782500316
309,0.31535733491073425
310,0.23299945325873453
311,0.6941861182482363
312,0.4445671268635351
313,0.4896786316613802
314,0.2540868656978597
315,0.4226726036510844
316,0.48663271782694756
317,0.5472148266183463
318,0.45797118801841635
319,0.5056246103953863
320,0.43932748393127025
321,0.5700937079278995
322,0.4976387356218464
323,0.3061707916102755
324,0.8855131925456774
325,0.6604251011643368
326,0.4357870840753889
327,0.25942962874672404
328,0.43705735525278444
329,0.5109029519860561
330,0.14613567827989105
331,0.4303649547047552
332,0.8959403663721694
333,0.5880410824686981
334,0.20801682212136663
335,0.5405438537772846
336,0.7037158971877827
337,0.4740166388968385
338,0.36203327320967577
339,0.5912594480219356
340,0.5830523112125202
341,0.7678629358764394
342,0.09915817750284664
343,0.17869625667901323
344,0.27419874885720147
345,0.4908918833495732
346,0.7208277938198419
347,0.8626776124066423
348,0.8992457157490086
349,0.40161121616794665
350,0.2595161870090309
351,0.3568517168448757
352,0.18002275795703254
353,0.37694998581018874
354,0.4918734784579545
355,0.49233027756558434
356,0.7789846548825318
357,0.3616246180866267
358,0.6658990206508087
359,0.46493378185751694
360,0.3812130187305254
361,0.4359954530520291
362,0.028837427016274602
363,0.5746553434051289
364,0.43526001200751696
365,0.17063524850104872
366,0.5016780487102103
367,0.39834979610291943
368,0.6288103432061766
369,0.41364856463626576
370,0.1407992739944921
371,0.4170958181597109
372,0.43982369555574335
373,0.9029812400280663
374,0.4523468885608079
375,0.5238118092055448
376,0.5799936129845312
377,0.42248656882877367
378,0.3215254667460319
379,0.6539906212500323
380,0.5486618692262474
381,0.4421631583498991
382,0.5674535173278902
383,0.5091705952347091
384,0.25939355186677815
385,0.6844608783016366
386,0.5231289103577611
387,0.31340171088420904
388,0.5124711784741931
389,0.1480418096457307
390,0.25953600902749957
391,0.6424525906745846
392,0.5016186590768759
393,0.24597319264333403
394,0.5803513545806434
395,0.16287717937647958
396,0.3127750023008219
397,0.41112407122431116
398,0.531339391944759
399,0.40739486183691853
400,0.6531103142412733
401,0.4352617814961361
402,0.4528662657334808
403,0.6638273298843288
404,0.19700765294818076
405,0.4253904207224379
406,0.26080962200063673
407,0.12376281891082462
408,0.5680826852126447
409,0.2746315934488518
410,0.1970955812575486
411,0.4994243558484634
412,0.1871543891192388
413,0.5831805780469018
414,0.5089655415393339
415,0.3877570104749647
416,0.15007370439812337
417,0.283710951216952
418,0.7537792259443294
419,0.2750119291071526
420,0.3203147388403284
421,0.2182855766105461
422,0.39755258095104856
423,0.2337118844824973
424,0.5110180765139202
425,0.860560358572309
426,0.5545132877717972
427,0.2437360432291416
428,0.29993528380004075
429,0.4364427787865107
430,0.5465595813098609
431,0.4682775936729401
432,0.3537285807760231
433,0.3415130250451682
434,0.358627865183773
435,0.5422687991848147
436,0.54376907399493
437,0.535888331481318
438,0.5065613718873437
439,0.508610678482089
440,0.41134987490566477
441,0.5580380658994815
442,0.22453448061604905
443,0.18705978988203814
444,0.21999023366618328
445,0.21620963931970208
446,0.23428590811874334
447,0.8620936536902588
448,0.5947349391774054
449,0.6130824218979114
450,0.4924166036504819
451,0.22742011859067135
452,0.2058469889140626
453,0.4560869134665051
454,0.8604038717549034
455,0.25657983671347123
456,0.33243355679721875
457,0.44554861008241536
458,0.7643101105633435
459,0.7238793117107988
460,0.7927215946196445
461,0.28025738851323917
462,0.6198232328166154
463,0.8038398245321108
464,0.6925282285111759
465,0.6420267039225782
466,0.2648582502016793
467,0.5443001618354588
468,0.46831403300543
469,0.17713575519627275
470,0.2697708228219483
471,0.6394050197169115
472,0.7582179607833666
473,0.2904620876094758
474,0.3068499430600557
475,0.23930926940822453
476,0.15472505709066434
477,0.21878549104634665
478,0.43639082784299654
479,0.24562378787169306
480,0.4013539316524016
481,0.479905545186681
482,0.9341260286350183
483,0.5179649286872731
484,0.37105293948981904
485,0.5027679720663258
486,0.5030280400884393
487,0.2831529331128661
488,0.3880231019011323
489,0.4356935681413556
490,0.15857578295025765
491,0.5501318544532284
492,0.39590362493495374
493,0.4693120196055948
494,0.6004361792918498
495,0.3328267653415892
496,0.1860142340877556
497,0.7823412990323605
498,0.2726646341905656
499,0.8643292454416951
500,0.4228571020012976
501,0.752546241574398
502,0.23549103971410748
503,0.25168378233510197
504,0.3161517668170701
505,0.298545133765393
506,0.3350286502876223
507,0.6076331611844489
508,0.2836379410022949
509,0.2299471959581568
510,0.6314818288481254
511,0.45252796280019464
512,0.4176550196409729
513,0.3024997362535541
514,0.5382834869641308
515,0.622324240275927
516,0.38290981630642
517,0.5939959667887238
518,0.7013758889662843
519,0.3640691950818162
520,0.25475927827548667
521,0.2385659960707811
522,0.45923142566524394
523,0.46844761526478246
524,0.6084772711787436
525,0.6599282896426597
526,0.5593109432762936
527,0.8991110571309286
528,0.4603192695983295
529,0.4943520049881444
530,0.2108373832570162
531,0.29984153653405665
532,0.30559186322326126
533,0.7097377471042051
534,0.3190003402225172
535,0.22376093087070725
536,0.3017935189454332
537,0.7622123018814171
538,0.390836208520896
539,0.30047945262426057
540,0.27464656686798655
541,0.510495951987705
542,0.3693582335465794
543,0.5196113823777199
544,0.4967995586403514
545,0.3509527850805072
546,0.4790850327078677
547,0.3064180492583792
548,0.9120035502447671
549,0.3851122080543095
550,0.8623604606447471
551,0.3110788548038117
552,0.37234819104407296
553,0.30326510796180345
554,0.4565227779312264
555,0.2197548069175547
556,0.524103322217384
557,0.6205784437587851
558,0.916565251200463
559,0.8329600236388774
560,0.3316549991128408
561,0.35610853436801015
562,0.8597755880129889
563,0.8416813765235228
564,0.4404954265214002
565,0.4916792497654398
566,0.6510607133871081
567,0.2468638601205235
568,0.18700855258239113
569,0.6828802953836883
570,0.7125878781513253
571,0.5085562916111621
572,0.8033947629113742
573,0.26245380611220875
574,0.7282126161885539
575,0.19003621928642483
576,0.6130545323219416
577,0.20724207175364456
578,0.5568558899858563
579,0.7509547560164297
580,0.5770963640477105
581,0.5607430666175783
582,0.734960359560626
583,0.3058021963943777
584,0.3080000865719858
585,0.3250514213803649
586,0.8034130897362469
587,0.18813647314919144
588,0.2849072730463974
589,0.5920451834370478
590,0.131485154504874
591,0.33207319256809814
592,0.45495379876359576
593,0.7276787189850014
594,0.7312420173878531
595,0.26308712397552036
596,0.4480816474514559
597,0.505523238253587
598,0.3608350430699329
599,0.5313533635246115
600,0.6457905933456142
601,0.817343137890265
602,0.3159805243265252
603,0.4206314096502405
604,0.1959243103057186
605,0.6549911843780439
606,0.6444867200297107
607,0.5846402496205335
608,0.17154078716992782
609,0.5185528133787436
610,0.3824073154242278
611,0.09862555477856778
612,0.3647943606549836
613,0.4145065758248907
614,0.42853846114968797
615,0.7668855162666194
616,0.17936321893526214
617,0.417239646092022
618,0.36936965076709355
619,0.5080587318696983
620,0.37946621493203536
621,0.5552320149411488
622,0.31156314666795515
623,0.35546096710618186
624,0.7576876929687419
625,0.31913366627362094
626,0.15040289687901548
627,0.17733877352086433
628,0.4144883487768191
629,0.664896216232837
630,0.37144009442984427
631,0.24366100542894736
632,0.334862413625077
633,0.4357350351393064
634,0.4324443324820112
635,0.4690907654335574
636,0.42490749698848634
637,0.17008716000660723
638,0.40448576952066906
639,0.23642187085730837
640,0.4083087375144036
641,0.4328400983232604
642,0.40697103677251445
643,0.16017499807236782
644,0.4165546280742615
645,0.368011604494622
646,0.2959645044484785
647,0.3386492790131951
648,0.35944567044847875
649,0.39385557326392096
650,0.4488105741914077
651,0.36310471668911204
652,0.3590482950528397
653,0.17148076548139146
654,0.19511897006567125
655,0.49170851276557453
656,0.09350757055802321
657,0.5154866102088274
658,0.10121130632652962
659,0.47789579790187253
660,0.17524608207096817
661,0.5528724875363341
662,0.3126288862541518
663,0.2708538674845862
664,0.43231926077633015
665,0.6036358826318368
666,0.45412892432222896
667,0.26937355335334817
668,0.6196539340969043
669,0.1135669718035008
670,0.36384234649144537
671,0.6624410514569452
672,0.3379625607172285
673,0.23830831319402637
674,0.5100623505935279
675,0.6510953074220107
676,0.4320716486340837
677,0.5949256261701232
678,0.2494695040964856
679,0.2321888823930497
680,0.439782669943735
681,0.4863865914418841
682,0.5954572694837511
683,0.6444856125396092
684,0.2755865331510011
685,0.32835658129716144
686,0.39357875884127197
687,0.4226485630470173
688,0.49294868275157794
689,0.5978197743491389
690,0.2936306286555995
691,0.6892904051261397
692,0.2585283757138741
693,0.4352895390717863
694,0.20257608537753805
695,0.457601312144218
696,0.22213928821286189
697,0.6485713327304088
698,0.3580869929106641
699,0.1953495213990353
700,0.3188746227327079
701,0.3195609058946515
702,0.30048696820731174
703,0.4092084870801867
704,0.28864356287856546
705,0.4503485026189709
706,0.4800378648624021
707,0.1282741023877965
708,0.4184884201079049
709,0.21089516704950156
710,0.33755222563347065
711,0.8141618541854221
712,0.6372268779512528
713,0.2702560930519895
714,0.2673654033814287
715,0.22380773496912004
716,0.27517474664881786
717,0.4525828372305559
718,0.17236131891078899
719,0.31621218150765285
720,0.7917935916184491
721,0.7526007161124115
722,0.4059834513802443
723,0.14847509305253664
724,0.4558423302442068
725,0.28725336555530134
726,0.6595669384069268
727,0.327388111867409
728,0.6116453857483082
729,0.6429185455315012
730,0.1382182273896212
731,0.344805972278746
732,0.28397509979458235
733,0.397772300836078
734,0.7125794812902104
735,0.23420503737369602
736,0.4878825619580472
737,0.3404389207603978
738,0.5378756932070731
739,0.46094749535944746
740,0.6057641610539041
741,0.5691869763604782
742,0.4820840668294424
743,0.6237286997618181
744,0.3804320479732058
745,0.6888510600555586
746,0.45823757277451027
747,0.11861257844569209
748,0.33613609819842666
749,0.7303119592952464
750,0.5189845868348439
751,0.72837279859543
752,0.39107597554789564
753,0.6145357887789115
754,0.5253908292559848
755,0.10845568873868994
756,0.5832953782827307
757,0.3145051503955347
758,0.18246522168511264
759,0.25466926947806895
760,0.5518598636545404
761,0.4528573285916635
762,0.8166973499071701
763,0.40898751259510957
764,0.5006368488690517
765,0.9161899551268884
766,0.3890878969915596
767,0.3845213600648476
768,0.8671750292266684
769,0.5038673905437112
770,0.7505392637474654
771,0.48776735370384317
772,0.34263612696512463
773,0.603255480563386
774,0.7585883805016171
775,0.5260527986266141
776,0.11861167106122289
777,0.37998467608545794
778,0.30900122632322496
779,0.6823076487420016
780,0.17774520222833876
781,0.30257530756939083
782,0.6768377595317012
783,0.7599322448643796
784,0.5461659020383717
785,0.6123888929822104
786,0.46422710261275507
787,0.7742646505058222
788,0.4739857246509475
789,0.5222451335063282
790,0.5074554224493146
791,0.49257848968344947
792,0.2849765899803423
793,0.30929591644603344
794,0.5295314040741009
795,0.7565927147531601
796,0.10036131716691395
797,0.26615557053480166
798,0.24581501573432987
799,0.574000773184392
800,0.38496988418786415
801,0.6720790743087982
802,0.33227556400472763
803,0.28349601948115427
804,0.32895928589515033
805,0.2206062661916117
806,0.23591763519221665
807,0.20610195694180566
808,0.16826939580755856
809,0.4628694132738051
810,0.1725819185503104
811,0.42805326020025963
812,0.40616487878714747
813,0.2020730982117488
814,0.8997826312330375
815,0.3778451871990549
816,0.5188635866562307
817,0.3760328180286797
818,0.3815780383519695
819,0.8219148095834888
820,0.2919259845157731
821,0.3843849261539453
822,0.39221663733737594
823,0.8901574923724062
824,0.14493264192737743
825,0.40916607423903745
826,0.24108996464150542
827,0.8093851573408746
828,0.42499506102580614
829,0.44576241270402284
830,0.504250228223856
831,0.6062179787569721
832,0.3878099857124518
833,0.43184808001718594
834,0.6385132549471866
835,0.7672834480338507
836,0.5484397775528885
837,0.6756389980069074
838,0.8618404253826522
839,0.8142403696221094
840,0.45783237927380765
841,0.37636945800249205
842,0.5223910448855029
843,0.190601749101129
844,0.3817927891941135
845,0.8459536776170842
846,0.5127174914779702
847,0.3018707372749761
848,0.22620498905691244
849,0.4700865515301446
850,0.7596006044626612
851,0.19012031310500993
852,0.578830588946043
853,0.45575763067872543
854,0.5387807085214105
855,0.3407667227014329
856,0.4648285488566272
857,0.3852184141276517
858,0.2104895985871118
859,0.3092643786933877
860,0.31591272485902916
861,0.5370763856946313
862,0.30177822939015003
863,0.20181836549959367
864,0.6644818953517541
865,0.3124977534994347
866,0.7705054318279679
867,0.27628911859599503
868,0.2646386687434247
869,0.18662592251003954
870,0.42573303844337596
871,0.21249044423322963
872,0.16838011895242136
873,0.6727657724156241
874,0.37369466079470354
875,0.3108073069991071
876,0.22163507817547004
877,0.45302188671238436
878,0.539252237368043
879,0.13658765445730328
880,0.5155131814062415
881,0.49048002333786767
882,0.7218277801764539
883,0.21530433963653292
884,0.413557937092499
885,0.3414999793359876
886,0.7095648426162151
887,0.41987283338186104
888,0.7188630725547226
889,0.3662483852366493
890,0.4766591728673362
891,0.33641939546960364
892,0.5386598488632937
893,0.6422321378480942
894,0.8099842408421475
895,0.16917754431327595
896,0.18791161275319868
897,0.5377408838139136
898,0.513246758750446
899,0.6563832231234731
900,0.6058790072243023
901,0.33791264103203067
902,0.7808780274906274
903,0.2574674753113994
904,0.502884032265446
905,0.4003161982388034
906,0.377050095312585
907,0.27057478806346436
908,0.2344723409760697
909,0.1253965019635982
910,0.4877596306097838
911,0.2812430714635149
912,0.548419298081932
913,0.4318280032642706
914,0.8199756147341383
915,0.2700242877605969
916,0.31616274950592427
917,0.8298207641740293
918,0.833042484520571
919,0.5540785212754501
920,0.8291074277446586
921,0.2736335352440648
922,0.38339603419164114
923,0.22563083998882366
924,0.682378016123863
925,0.304850496515981
926,0.2672800799437385
927,0.46422715330855624
928,0.867588208651058
929,0.6150766884432372
930,0.34606679166155385
931,0.3053603479870804
932,0.48103740261845573
933,0.2954432152575038
934,0.4520907024038664
935,0.537342660938999
936,0.393075026315501
937,0.5167258915796432
938,0.2796727344502512
939,0.2704281591273462
940,0.7624909832055125
941,0.8041895448921351
942,0.40734209778555264
943,0.40452164213343067
944,0.19842673936632038
945,0.41017578165137775
946,0.27067244339142804
947,0.1940671115488615
948,0.8662616510771078
949,0.6295573793071506
950,0.46313297422712396
951,0.8576307607229362
952,0.19088849297708446
953,0.5127703742719899
954,0.6396938353121199
955,0.7181572930063163
956,0.4613979784280849
957,0.437902690052993
958,0.48525884052392204
959,0.46764296200125194
960,0.2774911197408294
961,0.7538471023338058
962,0.5929078488702068
963,0.5893541292053948
964,0.20680721346319586
965,0.4870367696646049
966,0.31986953700575943
967,0.6307894864376768
968,0.6083656118986791
969,0.1986739341718097
970,0.4498453112709765
971,0.5638554247696352
972,0.47871073358438027
973,0.16856940732481224
974,0.3715355167851115
975,0.3818421568475815
976,0.5576649326640539
977,0.3512101102183722
978,0.25504647669026775
979,0.42215441780588375
980,0.6747079516499394
981,0.42055019300088486
982,0.6175196105940136
983,0.6533145832560623
984,0.1533596492779306
985,0.47212554989780536
986,0.26446807850969484
987,0.5054286951178841
988,0.3418664426164212
989,0.4657049713113041
990,0.3822126846188943
991,0.6702033074914067
992,0.43472626344464577
993,0.3664615151352198
994,0.44558914173120695
995,0.17345158432049945
996,0.7014999502594956
997,0.2897276698755673
998,0.16361847702572263
999,0.41186847042400215
1000,0.635200971386759
1001,0.2844929865921017
1002,0.48744730368575406
1003,0.6148839314612922
1004,0.4386457786131105
1005,0.7630626305252415
1006,0.35282701239911196
1007,0.4088303753883948
1008,0.3945025512661106
1009,0.32152534984716385
1010,0.33054584018092353
1011,0.7517982268020724
1012,0.6928893503708112
1013,0.25148387242050074
1014,0.27016935786291624
1015,0.5360129514099403
1016,0.8551464149518377
1017,0.5341912774971865
1018,0.33141948365146184
1019,0.37620836513209904
1020,0.4838312606591476
1021,0.1791439773175784
1022,0.2867271289802694
1023,0.15193623536970266
1024,0.053590070878476025
1025,0.14315641191248094
1026,0.3002949061169896
1027,0.6241945814149402
1028,0.4341779487322998
1029,0.5669811863125455
1030,0.45009702516338856
1031,0.4885466284772403
1032,0.746181054744521
1033,0.3692293820423259
1034,0.21560215609974914
1035,0.43730929560875875
1036,0.766875373096294
1037,0.777418434255611
1038,0.33411545487390243
1039,0.5099290310497704
1040,0.45047085449045543
1041,0.5163456408968818
1042,0.8062061271244733
1043,0.532416475832635
1044,0.7812233010319745
1045,0.5208601875457918
1046,0.3973315448466147
1047,0.4625956541236929
1048,0.4312087567923477
1049,0.17341929896870056
1050,0.7338990527021887
1051,0.6121400061229435
1052,0.15528224980839894
1053,0.4373072803241497
1054,0.23576493673908225
1055,0.6766306740621684
1056,0.8084964241854808
1057,0.4540891587429034
1058,0.567794010740803
1059,0.32611193940479694
1060,0.6979981940006691
1061,0.5801880130537045
1062,0.1864098751308428
1063,0.5964489460457794
1064,0.37205135931803646
1065,0.5067524389747752
1066,0.46423434587381146
1067,0.3021911387142778
1068,0.47016987956782275
1069,0.28751274894431944
1070,0.6110336948151183
1071,0.19297631255998787
1072,0.3113752787993694
1073,0.6814343149716213
1074,0.6578676544955471
1075,0.45592681480403013
1076,0.37733983785132114
1077,0.5035237511682591
1078,0.1448945637201247
1079,0.8106618784707132
1080,0.5690661122517856
1081,0.38078371646369646
1082,0.647558240962022
1083,0.13746336579262314
1084,0.6009205435285934
1085,0.5797698672542281
1086,0.7192531701761006
1087,0.22091760771930635
1088,0.16372464590480168
1089,0.17992882575336847
1090,0.38763545937419785
1091,0.29570647246383325
1092,0.5259915703309456
1093,0.266781429484909
1094,0.8001259369796004
1095,0.45416441681642467
1096,0.5970966431425357
1097,0.34732935708612406
1098,0.8756351158977974
1099,0.11815066201632395
1100,0.6571218004615828
1101,0.173890626699058
1102,0.21117565720853046
1103,0.21723010913456697
1104,0.7900516453033675
1105,0.27213082257211796
1106,0.8397892218071625
1107,0.3644710400106274
1108,0.7828681412317212
1109,0.24614802416679973
1110,0.2294792631915629
1111,0.3817573776417521
1112,0.2478677650879366
1113,0.7132133838004251
1114,0.5045824879012963
1115,0.24658497295923837
1116,0.5112007355501321
1117,0.1709605540335391
1118,0.8897616423536642
1119,0.6258106786531205
1120,0.4701997215718688
1121,0.5119387149421086
1122,0.3912060070652747
1123,0.5243318774607463
1124,0.22265202822525532
1125,0.3465694413318313
1126,0.6936782125226301
1127,0.5677227471195824
1128,0.5767346614301717
1129,0.6212492720399659
1130,0.4452867161663096
1131,0.10596571229241393
1132,0.6242570972534303
1133,0.5723448037495098
1134,0.07481541390423807
1135,0.6012672643509953
1136,0.27951928158524786
1137,0.7390746233485432
1138,0.3761492927618897
1139,0.06124790473014889
1140,0.44143601684132794
1141,0.6720161456684458
1142,0.3203953211333567
1143,0.8615989727041402
1144,0.3735159472567827
1145,0.44213073520590435
1146,0.725336454833919
1147,0.3642819667419957
1148,0.8502605070794257
1149,0.5427807404455314
1150,0.34082560927277133
1151,0.14143117424197282
1152,0.5084993683194811
1153,0.5230152556611478
1154,0.277243812439058
1155,0.41509530641144027
1156,0.2872174804030469
1157,0.6471113901294357
1158,0.23811306387920309
1159,0.44862084596098606
1160,0.5368971296332452
1161,0.833822462320184
1162,0.6271373325449345
1163,0.7792762507791802
1164,0.48298772583368577
1165,0.24402280032489806
1166,0.5301489563839209
1167,0.3218111226620085
1168,0.32470182689858385
1169,0.7005368876061757
1170,0.6870511196953927
1171,0.3544678259986679
1172,0.11458376614295175
1173,0.3037501911962314
1174,0.15434522690257613
1175,0.5091217209689634
1176,0.5148147039945437
1177,0.2825599097586901
1178,0.23645317883106678
1179,0.5339188530323224
1180,0.45114048979452864
1181,0.7781908843846561
1182,0.29345951963073924
1183,0.2038689024524281
1184,0.650719470626254
1185,0.3003231678257226
1186,0.6301916064992324
1187,0.9076315557864221
1188,0.15862010361030857
1189,0.6504169006835898
1190,0.2976431596821372
1191,0.1815516048033297
1192,0.5509042502928048
1193,0.6940214924723155
1194,0.29044603065002295
1195,0.5724988847556763
1196,0.29201913230474497
1197,0.49476472363657326
1198,0.29342225780767645
1199,0.273955793303189
1200,0.8410148799743475
1201,0.2388134506698685
1202,0.42538373710650274
1203,0.5065315908887117
1204,0.429336453477362
1205,0.3275884997523761
1206,0.7169518257897928
1207,0.5953189022374366
1208,0.565074856202134
1209,0.18691345011685892
1210,0.5636555377856806
1211,0.3723000422649644
1212,0.5658576850386412
1213,0.33634544449795334
1214,0.3316395157694017
1215,0.23468698479789524
1216,0.1861175701779169
1217,0.2871846444713807
1218,0.5193783741716979
1219,0.3354635623327302
1220,0.44820610282749257
1221,0.41864256122347904
1222,0.3009286265058531
1223,0.7589832915901672
1224,0.5043562509258468
1225,0.2280297395937534
1226,0.5775282533816735
1227,0.15927212060165502
1228,0.43713111216420797
1229,0.6778007538426158
1230,0.6862440157425057
1231,0.1974884944775136
1232,0.6246118181074293
1233,0.43576024813636083
1234,0.355030375831928
1235,0.39297052288883855
1236,0.1975831776322031
1237,0.4292595484043346
1238,0.41888943026826475
1239,0.49371999470875494
1240,0.7869037557226843
1241,0.23331848787484177
1242,0.3001934772730281
1243,0.38121939547023376
1244,0.49130108984144794
1245,0.832618320092127
1246,0.20415770023776764
1247,0.48706902225253507
1248,0.42770313666510273
1249,0.658241000578742
1250,0.42778036106999556
1251,0.6055006300181649
1252,0.49767018556413517
1253,0.25539320476263044
1254,0.5884850662966188
1255,0.35151828687147907
1256,0.26251385688867784
1257,0.4244232649550241
1258,0.5151481871059442
1259,0.6359149376358842
1260,0.23688258596600328
1261,0.8739542360133052
1262,0.6347177555271429
1263,0.6036494938576824
1264,0.1979403676363885
1265,0.6425482686105753
1266,0.26914824569644175
1267,0.4891869064076694
1268,0.8509898577148884
1269,0.3112456849501459
1270,0.29211121370526205
1271,0.3339929052574773
1272,0.5229001333366298
1273,0.6369821225584257
1274,0.6593332357424765
1275,0.4002497242736151
1276,0.8321294878722892
1277,0.5773268249922614
1278,0.4709354770359083
1279,0.2357674836648323
1280,0.4099777761717783
1281,0.5600104295111503
1282,0.2830114959565393
1283,0.309590617043803
1284,0.3217885262917596
1285,0.3438888661269276
1286,0.4983670422418039
1287,0.5982805824123835
1288,0.39061034727268434
1289,0.5106748163709613
1290,0.20457709442660324
1291,0.7577687608575114
1292,0.6649110631632527
1293,0.208496135614343
1294,0.8423541430306135
1295,0.22109727574453378
1296,0.5631818598453059
1297,0.3036724232038235
1298,0.43507554631875783
1299,0.46048922503091777
1300,0.37440862690895865
1301,0.496019680805907
1302,0.8342616651603615
1303,0.18974690879033232
1304,0.5073550809279649
1305,0.605644381158641
1306,0.3196875942748092
1307,0.5950217218427867
1308,0.6000338723976761
1309,0.26837247726842
1310,0.4335751144231214
1311,0.24413135129840283
1312,0.734774470949766
1313,0.31245605918689234
1314,0.2118028339882878
1315,0.31865771647292196
1316,0.5328896421024669
1317,0.46540890710193805
1318,0.793611046148885
1319,0.6310770783229084
1320,0.5926484320359576
1321,0.5293682546503506
1322,0.22833518939988862
1323,0.37448430718845716
1324,0.3956368076615596
1325,0.4386134019128188
1326,0.4707048677823851
1327,0.3654116823753386
1328,0.35565676989169254
1329,0.7718842485924656
1330,0.2673295539239378
1331,0.16762295811880806
1332,0.400050121871777
1333,0.6127650973028614
1334,0.6052366343568945
1335,0.5641481495623737
1336,0.4057058052760155
1337,0.5360492483005835
1338,0.4824675393456025
1339,0.478180958136961
1340,0.41028914219648144
1341,0.40223059688714546
1342,0.6131557209291745
1343,0.7163139521897549
1344,0.32978828045889524
1345,0.3433965377430406
1346,0.4842992270313133
1347,0.39474892387134347
1348,0.3207583344239999
1349,0.44064686966455746
1350,0.4281513368753447
1351,0.7077492659837769
1352,0.4414400175102508
1353,0.39988937411297615
1354,0.6347934384100367
1355,0.679015322091451
1356,0.3956293861580289
1357,0.6918221849402458
1358,0.3770206707596307
1359,0.7915218316836272
1360,0.5595464670194007
1361,0.1306570061506124
1362,0.3135003512473991
1363,0.36406501777236294
1364,0.47286713623555165
1365,0.755068655228828
1366,0.3451499376186454
1367,0.7384633157338748
1368,0.32903266825756156
1369,0.7496633147959284
1370,0.776073854907223
1371,0.48042925250417035
1372,0.11814976275852312
1373,0.7900132190683353
1374,0.557068709939418
1375,0.6001114036776845
1376,0.4206131218204233
1377,0.8620065131293856
1378,0.30205817803089363
1379,0.12801364647059119
1380,0.2689779809697244
1381,0.35311279874333534
1382,0.2892933653216389
1383,0.7148094728589333
1384,0.5199844668160982
1385,0.3599129153979391
1386,0.6429619692048191
1387,0.3343330143696416
1388,0.23733226418862854
1389,0.8951052877210401
1390,0.30146073974463733
1391,0.4079464814939496
1392,0.20849313570798722
1393,0.4311018830367939
1394,0.44864042572444746
1395,0.7135875934919176
1396,0.34643048879361277
1397,0.3125752817660613
1398,0.2995633789664493
1399,0.470405278320488
1400,0.2732757453818773
1401,0.3343565458047318
1402,0.5614283179470863
1403,0.7285115527431062
1404,0.4036079406261529
1405,0.4989289556722422
1406,0.9131614812130883
1407,0.6550511901212162
1408,0.6169652523082853
1409,0.23501581943257913
1410,0.5664413133627311
1411,0.7855255300302747
1412,0.6785485787366995
1413,0.5729853230891327
1414,0.581497554878082
1415,0.5438455347158223
1416,0.11006378824424505
1417,0.4589576539311743
1418,0.3425569619487665
1419,0.7758909228247373
1420,0.4556641116850189
1421,0.5796228182175072
1422,0.4039298622790285
1423,0.22593793677904428
1424,0.5210593429586862
1425,0.6034628240655014
1426,0.2520773743034269
1427,0.6252399309633213
1428,0.44220284317156344
1429,0.7248994825863112
1430,0.1384923256146977
1431,0.5815598100938211
1432,0.6553161378949713
1433,0.2569357039688631
1434,0.2582617754004371
1435,0.44944772598192856
1436,0.7283457964503319
1437,0.656905617896317
1438,0.3088817548584084
1439,0.2317782176369036
1440,0.3523601767799107
1441,0.38435203636585563
1442,0.33328180804147517
1443,0.45812585759030106
1444,0.25976706396494503
1445,0.5186130776254717
1446,0.3346466494077941
1447,0.35563842521503375
1448,0.43733375961884347
1449,0.537993648153408
1450,0.6087127477656151
1451,0.6206499206419964
1452,0.3089023340902537
1453,0.16319255060811888
1454,0.2576245621087156
1455,0.6279549372537782
1456,0.5855359786620541
1457,0.4001477097273421
1458,0.19344926010211153
1459,0.6125233895050183
1460,0.27383912491597284
1461,0.5918298468989811
1462,0.30793899025574034
1463,0.6861928191318256
1464,0.8623438788126886
1465,0.41480577483023195
1466,0.44308004588410027
1467,0.6092118294312051
1468,0.8851406822939024
1469,0.22973050202054818
1470,0.3580825406824426
1471,0.2646185865435792
1472,0.7950566573939243
1473,0.3563805098782705
1474,0.5079655054050655
1475,0.37733872622496684
1476,0.36212269163357796
1477,0.5125982020715021
1478,0.23929137515075696
1479,0.3723068372599833
1480,0.19219298528711462
1481,0.3995794971214671
1482,0.18085069628635614
1483,0.4028542405510472
1484,0.32696051868679643
1485,0.8182172139988231
1486,0.4059624756259787
1487,0.5002070560456606
1488,0.2996896461820159
1489,0.8114058269036081
1490,0.22197028102035665
1491,0.17445355287869804
1492,0.7680619479518316
1493,0.5824595676774452
1494,0.4976102997328334
1495,0.2485278144005418
1496,0.5575596607898112
1497,0.5232376293340254
1498,0.5064866629190602
1499,0.6079013423041677
1500,0.3573860758870573
1501,0.2154152498999034
1502,0.6166615453877182
1503,0.8117455252651516
1504,0.12061324024799937
1505,0.8434414838289754
1506,0.2900228888847233
1507,0.35681194295213114
1508,0.16965768100242087
1509,0.48860122403995987
1510,0.47228708271451925
1511,0.8431734464299172
1512,0.30029327997724803
1513,0.3947860332164789
1514,0.8390924399131233
1515,0.3194886424348859
1516,0.2636445417821003
1517,0.47259491174546986
1518,0.4235294207254607
1519,0.24622252233732628
1520,0.9175653810410158
1521,0.7620828166031215
1522,0.2555025386446167
1523,0.517663610911633
1524,0.46245622049818585
1525,0.41221878278560053
1526,0.38131054399257536
1527,0.4532784623687462
1528,0.34985470919418454
1529,0.27973495634603496
1530,0.17191545684882006
1531,0.4670895659542
1532,0.5518034663508484
1533,0.8912025980542637
1534,0.2409859914100647
1535,0.3486800206015177
1536,0.2731390545663828
1537,0.5351207394550048
1538,0.33996287519726903
1539,0.2965423727792309
1540,0.4440897616214677
1541,0.4315025748361613
1542,0.17527075050312682
1543,0.45731999889882535
1544,0.7036940619452414
1545,0.3387412065117171
1546,0.7531127795543627
1547,0.3211400516693119
1548,0.387226374698321
1549,0.167445193365063
1550,0.4637275444947086
1551,0.2938199455558856
1552,0.27285524113755527
1553,0.5879853447309246
1554,0.6069930641236592
1555,0.6023519918853886
1556,0.5962436103734537
1557,0.8917189011558251
1558,0.3246333587067369
1559,0.8738429085309191
1560,0.53147087301036
1561,0.5075309154386282
1562,0.2977145695072156
1563,0.346136479778786
1564,0.48368120284494753
1565,0.39753233510116837
1566,0.644184167015858
1567,0.42776849137783673
1568,0.1641448101296082
1569,0.42972260510578797
1570,0.6695289557649496
1571,0.4256782864843102
1572,0.7792313650314454
1573,0.20123056808153397
1574,0.32475722379240757
1575,0.5744910572733274
1576,0.2946595435657039
1577,0.21484376697765248
1578,0.22092287110123232
1579,0.265429804093906
1580,0.4348968691458742
1581,0.17617272155146188
1582,0.3671817201557787
1583,0.2905855214716241
1584,0.19058055029485552
1585,0.40182928711069416
1586,0.37458251851677804
1587,0.5266836456892785
1588,0.29003786739822013
1589,0.33887235767876067
1590,0.5689795489547139
1591,0.6198586763640878
1592,0.21932843343066358
1593,0.729316903951336
1594,0.6285578081736913
1595,0.12324271362714782
1596,0.3364337958498212
1597,0.49466887474307586
1598,0.44367961094822056
1599,0.1721353854578263
1600,0.7357596201005433
1601,0.2636685418651354
1602,0.5380934464916455
1603,0.6815434455323829
1604,0.2699406367081798
1605,0.6331399951799346
1606,0.3410310709242123
1607,0.33831271086571973
1608,0.774499276242091
1609,0.42108784918199754
1610,0.2628057496060004
1611,0.6002013132037092
1612,0.40119448928343115
1613,0.30777770422322276
1614,0.7168292005093078
1615,0.2126451262110664
1616,0.584976144748143
1617,0.34477900170558456
1618,0.39379025022684033
1619,0.4282366461093602
1620,0.6040984036156066
1621,0.6431381661643737
1622,0.2094997825288684
1623,0.9106880699452474
1624,0.2720308209704341
1625,0.4026830199722913
1626,0.30018965756897315
1627,0.8384149990225025
1628,0.23210114623943026
1629,0.8395138753981786
1630,0.5056975792866109
1631,0.2889856854742042
1632,0.42738362186131607
1633,0.3286340284850162
1634,0.24982570313481334
1635,0.11192326013504167
1636,0.3089764761176692
1637,0.5003980356145529
1638,0.3021833740774767
1639,0.3095505417334752
1640,0.6378731959972355
1641,0.21263403499445596
1642,0.7744187188508836
1643,0.4107506031371247
1644,0.47260365263352233
1645,0.4181674527354336
1646,0.23816687220079902
1647,0.4301035893286365
1648,0.6367560406972608
1649,0.5812135878291153
1650,0.4003367570891943
1651,0.8248816117537462
1652,0.27197617722931994
1653,0.36515977894547796
1654,0.7533023617202624
1655,0.3189065908537719
1656,0.12820044962155938
1657,0.31287041061261944
1658,0.37972415987845864
1659,0.41606938809597227
1660,0.6904272393428943
1661,0.6860782011267585
1662,0.7816095089752967
1663,0.4446014373086314
1664,0.5594405144757685
1665,0.42267685904597513
1666,0.2200274135836951
1667,0.832125345422472
1668,0.3771711283362922
1669,0.45946080948460694
1670,0.42412935557752474
1671,0.4478721978251202
1672,0.4710460493922983
1673,0.4452602348401332
1674,0.34161236853552374
1675,0.363484453880414
1676,0.1245841528320306
1677,0.3167325217126034
1678,0.376375706892499
1679,0.2800325917289555
1680,0.25389773194305004
1681,0.8008610957553138
1682,0.34427516469380526
1683,0.1565328649760207
1684,0.4864421358202717
1685,0.21589612843159964
1686,0.41371505585278245
1687,0.8157981566901809
1688,0.7634989503253153
1689,0.3092864671340729
1690,0.5919042670265933
1691,0.5575960150346309
1692,0.41703701418999156
1693,0.5349798059891505
1694,0.3366349592396857
1695,0.5431726267922738
1696,0.4756395147079254
1697,0.6830725631692861
1698,0.3367744987456444
1699,0.1956861233106735
1700,0.38074321905673925
1701,0.6273602596043956
1702,0.433567434078357
1703,0.1737495990221523
1704,0.6754985502995126
1705,0.5677495662405403
1706,0.6392044785626042
1707,0.4055830630907903
1708,0.30364466190798706
1709,0.29415164697667767
1710,0.5820906653274931
1711,0.26152827609477675
1712,0.3520327308988912
1713,0.6272870977631353
1714,0.27162298451512945
1715,0.2947216437328476
1716,0.39078637033556496
1717,0.6138545316949587
1718,0.5102988643594502
1719,0.6215223942709422
1720,0.536322473216154
1721,0.7344986377907289
1722,0.24136309422909133
1723,0.26643194385494967
1724,0.6040083731080168
1725,0.3418721535042302
1726,0.28272320796807016
1727,0.9190621373934909
1728,0.25251863673172836
1729,0.30717718369391084
1730,0.64525395682897
1731,0.3405356044753444
1732,0.1761070367137833
1733,0.4947312462366402
1734,0.26950141069686123
1735,0.5230211461160966
1736,0.3234405867597534
1737,0.38958636873626185
1738,0.49824345548714
1739,0.20764920045876498
1740,0.16546026747472536
1741,0.32143603811375776
1742,0.4878600196214922
1743,0.29234308040392043
1744,0.30720469847963155
1745,0.2916950894483819
1746,0.26114945624538777
1747,0.6822300584819166
1748,0.20979911028531473
1749,0.6143835047167512
1750,0.5047846989114793
1751,0.5098170310882415
1752,0.2850384055977774
1753,0.9222115072628569
1754,0.3171426140957795
1755,0.6864551038198841
1756,0.7363092985088576
1757,0.3309291698503735
1758,0.3908539489562731
1759,0.2662468606948524
1760,0.34204295593955236
1761,0.3000906818996972
1762,0.408925351158539
1763,0.2654319985463383
1764,0.32902053258928315
1765,0.5395647777071727
1766,0.3643084385395555
1767,0.6608809070468604
1768,0.49827442275397643
1769,0.43023242325452454
1770,0.7538094572122686
1771,0.5659269438345707
1772,0.49494362970791583
1773,0.17625454996871667
1774,0.4145667784678218
1775,0.1664881018800277
1776,0.36565038694244006
1777,0.18635145617310253
1778,0.8502661143662128
1779,0.4736579553200068
1780,0.4286487230970041
1781,0.3766148249589401
1782,0.44423685164420845
1783,0.4398459861350154
1784,0.5787439885203891
1785,0.7823040647864404
1786,0.4974139679348626
1787,0.42253587747530635
1788,0.3120710742289215
1789,0.6522446630793457
1790,0.4200872084672363
1791,0.5198091393257249
1792,0.4136803430284861
1793,0.3977011661580442
1794,0.2243670301940347
1795,0.5595907689680747
1796,0.7444192941133027
1797,0.5493387342906632
1798,0.09670108858165159
1799,0.306254364261015
1800,0.3874248417220449
1801,0.4729397076259463
1802,0.6713710954014844
1803,0.7134579511516975
1804,0.7098529273606271
1805,0.37170795228954406
1806,0.20630367031554056
1807,0.6594011042038039
1808,0.2391837708276732
1809,0.47628829079146207
1810,0.6931884014441115
1811,0.4564266618346816
1812,0.46214431868030437
1813,0.8670056076672428
1814,0.22250002773035263
1815,0.8395976479097399
1816,0.32687029112470767
1817,0.8523473155217811
1818,0.4615933779238318
1819,0.1923006022749832
1820,0.19031599848961817
1821,0.2588557048808075
1822,0.4727194903992877
1823,0.6753780642053953
1824,0.49770789209127997
1825,0.48807535636455973
1826,0.35797750907981546
1827,0.3267771597143803
1828,0.7547758188153996
1829,0.3603601753681788
1830,0.7320417791946369
1831,0.5272901904742849
1832,0.4111773156247219
1833,0.6847910506256789
1834,0.5084929765138736
1835,0.48086836262920946
1836,0.37741419191468434
1837,0.3284530846031659
1838,0.3539049056614785
1839,0.37955459689817433
1840,0.26129023139826235
1841,0.7874964395608501
1842,0.5048922152966123
1843,0.17707472634666555
1844,0.6133780850709927
1845,0.26406011961428444
1846,0.8853534313159538
1847,0.8022785900354601
1848,0.6924345217543647
1849,0.49944258892712085
1850,0.6198042625187725
1851,0.23487441935668615
1852,0.47726411935343727
1853,0.7770879585419622
1854,0.39131755671613233
1855,0.5901804902552937
1856,0.3650642527024183
1857,0.2195305678430803
1858,0.5615475077380777
1859,0.3646929652387732
1860,0.7545388096135692
1861,0.568997976097831
1862,0.6753244987069077
1863,0.47457974408781534
1864,0.4784831187321308
1865,0.4184757256157021
1866,0.5417005265612479
1867,0.41814471864033753
1868,0.4368140264946711
1869,0.2914254683064657
1870,0.2637117115779969
1871,0.8777145633781844
1872,0.5606168508879218
1873,0.3096873564529146
1874,0.5489521618823682
1875,0.34684513542811196
1876,0.41616508324733625
1877,0.4623704774350109
1878,0.4220844019386967
1879,0.2565138437508892
1880,0.13249727712507264
1881,0.35241882960169063
1882,0.7157968155694258
1883,0.37539539042708714
1884,0.2821408029538183
1885,0.36285371485882073
1886,0.7267091530427713
1887,0.35307013927449465
1888,0.6327163175206794
1889,0.8119222698956656
1890,0.5209297537277354
1891,0.48521190538352976
1892,0.17540708310156827
1893,0.8621807687710117
1894,0.2514350424623732
1895,0.6252576009066955
1896,0.7206589054805909
1897,0.6006014667023876
1898,0.21592315124650444
1899,0.21694132154339768
1900,0.6290213781570377
1901,0.4895005497166134
1902,0.9316607884453441
1903,0.7624045043433413
1904,0.4034735299482905
1905,0.7627242415556995
1906,0.36626198187601766
1907,0.5804429752641375
1908,0.4177834713411669
1909,0.547824417437538
1910,0.17718147388131283
1911,0.32965118925515224
1912,0.5983092251281952
1913,0.4607105693222844
1914,0.6316080181761847
1915,0.15383747520672958
1916,0.4318600825477923
1917,0.5014982680683282
1918,0.2826915347976528
1919,0.5652261792035932
1920,0.5757350281608461
1921,0.5536161158489993
1922,0.8692413998090189
1923,0.35197424685918116
1924,0.025099523052065417
1925,0.2928104129525731
1926,0.7217213204109915
1927,0.2220646087204706
1928,0.7640754312837162
1929,0.5556719480171993
1930,0.18346757413382506
1931,0.6884249663011155
1932,0.4177734147378228
1933,0.31827587351233627
1934,0.1812705840416503
1935,0.20244428882729554
1936,0.5900318018874565
1937,0.49325777054044184
1938,0.6213924299630456
1939,0.20337119849111368
1940,0.6497140766217631
1941,0.5968584166930198
1942,0.46525552188999325
1943,0.12455478423008334
1944,0.3147986571998659
1945,0.6461631219871028
1946,0.3724278970694953
1947,0.0799056826041731
1948,0.18539704699776657
1949,0.7241652453195964
1950,0.4276169808005697
1951,0.7083443069731417
1952,0.4386462668909783
1953,0.7042050236355846
1954,0.20822496573728577
1955,0.5955470303874107
1956,0.6281201771150897
1957,0.5130342438951726
1958,0.6279086388182284
1959,0.6439735380205739
1960,0.8172601154418443
1961,0.3069274652042183
1962,0.4060384627838743
1963,0.2422532876701436
1964,0.1941038680318585
1965,0.32088826530708264
1966,0.8772133746824688
1967,0.3353626083818032
1968,0.24342945621314374
1969,0.15281672227119505
1970,0.3535106997023508
1971,0.5730658665365863
1972,0.6558396491997879
1973,0.5376649382560984
1974,0.27868423145776555
1975,0.17152072862643253
1976,0.4785083400031593
1977,0.28633339086513965
1978,0.364902308824052
1979,0.2297815157922733
1980,0.6743319365968892
1981,0.4166539452841816
1982,0.347879707644781
1983,0.2975518277226676
1984,0.21462115341087096
1985,0.5392959347089651
1986,0.20400050673939046
1987,0.3587068446088402
1988,0.2311240073612616
1989,0.5351408511285595
1990,0.8376285622570461
1991,0.6321271799228011
1992,0.5744292792862215
1993,0.5348656160763693
1994,0.6756364364841815
1995,0.2798619568362815
1996,0.34362458410172647
1997,0.4213614776246324
1998,0.3495658863634201
1999,0.21131531706054618
2000,0.6005907359089014
2001,0.5695676881426466
2002,0.5069672117131307
2003,0.32456784508581527
2004,0.24155609307410897
2005,0.33523049048816206
2006,0.16286615610173935
2007,0.3575270513006124
2008,0.6681168800530173
2009,0.5128361394041505
2010,0.20614708929974898
2011,0.7040732091647708
2012,0.7191767548420996
2013,0.5952536925252664
2014,0.35040115542036293
2015,0.34156520043499133
2016,0.4023991102963396
2017,0.1465192754543444
2018,0.19664066314724535
2019,0.23929216347592586
2020,0.1714292143926811
2021,0.3784933593298985
2022,0.6773830442998782
2023,0.43355149366716866
2024,0.4891107611448641
2025,0.6718676451062326
2026,0.3127149793576122
2027,0.4746747801799479
2028,0.5042086485923885
2029,0.34241856525203834
2030,0.47890830950794566
2031,0.3284678910331675
2032,0.6920114812469803
2033,0.6658855537001704
2034,0.315798978796994
2035,0.24564306887638349
2036,0.5138212342425668
2037,0.4423807735360644
2038,0.6629068658129904
2039,0.4380362121458654
2040,0.7677132785665526
2041,0.7208490634436386
2042,0.49010831416624473
2043,0.46834465498436734
2044,0.8087302364414132
2045,0.2526066768812212
2046,0.3706114483502217
2047,0.2919612010057296
2048,0.4826968672913598
2049,0.39551683585963365
2050,0.16848994763301486
2051,0.3764905247102719
2052,0.13464774090732734
2053,0.7368000256669685
2054,0.7063022027295944
2055,0.4729766116413201
2056,0.8380225823358662
2057,0.33502173923054607
2058,0.5660555454981137
2059,0.2145075527961714
2060,0.505494733270004
2061,0.4761206359593304
2062,0.537714668198908
2063,0.38130305719814794
2064,0.14910438505908555
2065,0.41009046207138833
2066,0.5997518556108502
2067,0.50772446278174
2068,0.7263367941108619
2069,0.46451836600566676
2070,0.5049598771661872
2071,0.7056375312391571
2072,0.1914135007627908
2073,0.18743214565011726
2074,0.38931482171316967
2075,0.5488984806056445
2076,0.42412401493989715
2077,0.4507432908301681
2078,0.17741893850469195
2079,0.33925338139058797
2080,0.23024743169161097
2081,0.8148647619385351
2082,0.26945524509231306
2083,0.39390878915208394
2084,0.37237419737818445
2085,0.6084460938004091
2086,0.36254115971005896
2087,0.38391814960787846
2088,0.23059656646607768
2089,0.44364917165715795
2090,0.34228148169099903
2091,0.08966609625519242
2092,0.4837479482944123
2093,0.28578135115488085
2094,0.4782040515613045
2095,0.16743199036058823
2096,0.6938094951946652
2097,0.260941357305293
2098,0.4342526001517979
2099,0.1447835381695018
2100,0.3370710874535359
2101,0.23742538177263378
2102,0.26860039979138267
2103,0.7605124064741872
2104,0.4058261997990025
2105,0.3022631138166654
2106,0.3082632010254244
2107,0.4189515238931451
2108,0.3484870159493654
2109,0.5074049301300628
2110,0.3540571755489361
2111,0.7685769860142464
2112,0.5081064137205704
2113,0.25941998582281783
2114,0.5651848165173997
2115,0.1666935185587431
2116,0.23071190707078826
2117,0.23568277035740606
2118,0.3983777312645085
2119,0.44520709672218106
2120,0.3815255015755083
2121,0.18686281604934207
2122,0.1834530082292798
2123,0.4655625092078512
2124,0.6260042193084796
2125,0.5972729034569666
2126,0.4053074948340018
2127,0.14859851245246947
2128,0.6748667244635925
2129,0.11844611857268912
2130,0.03573366752955426
2131,0.5948550863343153
2132,0.5072357905774865
2133,0.11918461655542012
2134,0.46042961730491216
2135,0.1879346378722622
2136,0.2347590996753759
2137,0.46868051152939566
2138,0.2432169866971114
2139,0.5990617986606783
2140,0.48738427863833456
2141,0.8790217771699492
2142,0.23738139898304517
2143,0.1365324025373177
2144,0.3907658907630596
2145,0.2309564791725796
2146,0.8193820514622911
2147,0.295055614901292
2148,0.3635943130943914
2149,0.5046840683530798
2150,0.5438368121409848
2151,0.7644738479447533
2152,0.8255869343443409
2153,0.18213025048237774
2154,0.22108596353138357
2155,0.6398026717688853
2156,0.26016842077241104
2157,0.8344797013795455
2158,0.674583333762789
2159,0.67332121557701
2160,0.18664860369037783
2161,0.3132367769257165
2162,0.24953017433039684
2163,0.3608084689249548
2164,0.36130877364061953
2165,0.3160071467672136
2166,0.725629333155224
2167,0.15697103396177012
2168,0.816817064963833
2169,0.41246350265811615
2170,0.5492258335933689
2171,0.34284908057424845
2172,0.46346958308189246
2173,0.34541434711306546
2174,0.6920803410728644
2175,0.5679988061192399
2176,0.1984843370873119
2177,0.15697080679698364
2178,0.7156975670071665
2179,0.346920319855266
2180,0.5472941873564046
2181,0.7601407608658516
2182,0.8411681680945754
2183,0.2985093570951204
2184,0.22603681316707336
2185,0.6872447672772499
2186,0.19167452219069878
2187,0.1624580815003292
2188,0.4649956207796944
2189,0.3002202911880199
2190,0.6162148204510417
2191,0.6767801828600006
2192,0.6316425848381086
2193,0.3885983193829089
2194,0.5459085044295103
2195,0.296325967184374
2196,0.7317909144859597
2197,0.512354903227655
2198,0.3979281732249206
2199,0.34989512796502453
2200,0.6680581728476517
2201,0.4962704874302563
2202,0.4228625967384864
2203,0.2760310603617449
2204,0.1449823950739423
2205,0.37569406779741993
2206,0.8272698267271126
2207,0.45142999292847147
2208,0.2948777141866579
2209,0.4613803839023015
2210,0.7574575065545863
2211,0.3726832215706121
2212,0.2927904114888369
2213,0.32891454817404286
2214,0.3475303629811404
2215,0.7832421983633279
2216,0.5938936893661706
2217,0.32775786767078346
2218,0.5340701166774015
2219,0.2953713378156086
2220,0.3699002745960768
2221,0.1726962165285395
2222,0.19644010762352032
2223,0.6185398450652516
2224,0.5750313652371094
2225,0.5237069381804655
2226,0.5381838104557138
2227,0.22812975970871682
2228,0.5303038372519635
2229,0.3238604254613966
2230,0.30542650614210215
2231,0.7005652061756881
2232,0.5821447557773094
2233,0.28596861289800235
2234,0.5059661295142037
2235,0.4911496488964119
2236,0.49965364004327883
2237,0.22172915550375474
2238,0.5728547518196204
2239,0.3431347316936415
2240,0.846435574778563
2241,0.37061793499359197
2242,0.07595447682170521
2243,0.3844765483907272
2244,0.4460340466091824
2245,0.1970698805930936
2246,0.2220223344417444
2247,0.19012130719047848
2248,0.5640608384899686
2249,0.22403905546366115
2250,0.6296407912117871
2251,0.31775125787251923
2252,0.6240838544532757
2253,0.31435910161010466
2254,0.47704355533086235
2255,0.4086074010451445
2256,0.223133412565609
2257,0.4066482368915272
2258,0.7331483455854084
2259,0.4765069008249725
2260,0.20042770136830493
2261,0.5300746428395172
2262,0.871228287682951
2263,0.09513115443502485
2264,0.425458836935081
2265,0.6227373920055163
2266,0.15851183004098443
2267,0.5302420564448267
2268,0.3772718054093424
2269,0.3640287249288309
2270,0.1725537316561451
2271,0.6281005208132383
2272,0.4113862912248654
2273,0.36381554513202663
2274,0.4999186356739882
2275,0.4910325608740015
2276,0.2769971445440544
2277,0.4486575300423666
2278,0.21368872296211067
2279,0.5916289553428585
2280,0.572935406747874
2281,0.535307441708184
2282,0.35380992238930786
2283,0.5216357855599251
2284,0.6771901252116443
2285,0.6529936704496755
2286,0.23530672745228065
2287,0.12577016594003504
2288,0.33324853639099555
2289,0.6231060293755876
2290,0.28569517716572185
2291,0.333917015784504
2292,0.49156242140260986
2293,0.18785581264741136
2294,0.6291761678568569
2295,0.2988142922976563
2296,0.3931505319669928
2297,0.18181600337730974
2298,0.596324121218529
2299,0.5590015722232748
2300,0.6158987425428228
2301,0.3791164324392992
2302,0.5952045494284359
2303,0.3842789974568173
2304,0.8916322414207747
2305,0.2178819672832511
2306,0.3271658060778716
2307,0.35685856135593647
2308,0.18934942731874546
2309,0.7691591670787661
2310,0.4347148748736558
2311,0.5142573463180885
2312,0.17300165612133364
2313,0.1710370352813491
2314,0.506966722115222
2315,0.34225611082887275
2316,0.5016021807158378
2317,0.42500563968248284
2318,0.20625599457027527
2319,0.3542277188195196
2320,0.4891438351234256
2321,0.6612234713939276
2322,0.1834513007173336
2323,0.4782436339643181
2324,0.3247953372703559
2325,0.7628415422826006
2326,0.31256495150107
2327,0.4259221558457102
2328,0.1331491080078039
2329,0.4989590346365513
2330,0.4800935762445137
2331,0.3485155604274679
2332,0.2422138782555481
2333,0.394135298879749
2334,0.7504434340463172
2335,0.1557242554775864
2336,0.7400353029137903
2337,0.20694865248344246
2338,0.5414776946127295
2339,0.4167038276724528
2340,0.27303936710615934
2341,0.8079851245114531
2342,0.4063235853482929
2343,0.522315339693081
2344,0.5280510023462565
2345,0.24567036674237966
2346,0.7220878903346436
2347,0.25319140363187714
2348,0.5205406036354512
2349,0.2618792399681795
2350,0.23035511789865534
2351,0.49246067740962324
2352,0.4888175815678227
2353,0.7162023585568733
2354,0.28820353596999826
2355,0.4617952210637006
2356,0.34806499104837985
2357,0.23136965165211762
2358,0.14636955046908814
2359,0.5893003255008175
2360,0.5357279376817123
2361,0.36818969331343987
2362,0.607508493549456
2363,0.7090798523593834
2364,0.6379294544857461
2365,0.6095284043174495
2366,0.5327217004129903
2367,0.753870311259341
2368,0.12076200090245087
2369,0.2873039165885975
2370,0.568560994142332
2371,0.5992803264636194
2372,0.30032937366450085
2373,0.5280369342620114
2374,0.33330720727178015
2375,0.5817344563091257
2376,0.5930407100305581
2377,0.5816627594486502
2378,0.3889643288499013
2379,0.15866060142937916
2380,0.24647115557910634
2381,0.22377760741814626
2382,0.47264888604944566
2383,0.4339349521528641
2384,0.27159223005540345
2385,0.5040269222217321
2386,0.7256958728966157
2387,0.7041183851970687
2388,0.8543774733629673
2389,0.5548503874320437
2390,0.4301135632617023
2391,0.19941901634236645
2392,0.3400580693232802
2393,0.30002482698187066
2394,0.788601209833113
2395,0.3217702599164869
2396,0.20548474854479132
2397,0.25723368265705054
2398,0.3596994505086277
2399,0.5826179388765186
2400,0.5141152755173339
2401,0.2935286039538752
2402,0.34570780060110745
2403,0.2776198986338651
2404,0.5003953857505091
2405,0.2129620092609223
2406,0.26849289575387186
2407,0.546587516745715
2408,0.6891925946557043
2409,0.6068773477397524
2410,0.7956827773716139
2411,0.3777648855437232
2412,0.2547809354936045
2413,0.39881239418272607
2414,0.4045336366360879
2415,0.5294539363101165
2416,0.4132686250316821
2417,0.5023438198599097
2418,0.1412945171731343
2419,0.24003180063973895
2420,0.21806958119148162
2421,0.21881961257770724
2422,0.4879443755833263
2423,0.26734868703704157
2424,0.43536159214560777
2425,0.4197327321781732
2426,0.265885145081688
2427,0.604528907640118
2428,0.6605494804788276
2429,0.492598796219404
2430,0.233737502899853
2431,0.41384813433330137
2432,0.4721390966256895
2433,0.42973775426451105
2434,0.6371539524968376
2435,0.2928083708514395
2436,0.5561793771130717
2437,0.21144517903825805
2438,0.2149337827362643
2439,0.8405783978191771
2440,0.1253231033248211
2441,0.42838853642340446
2442,0.3438610257725713
2443,0.6447616308514795
2444,0.332960531630333
2445,0.28087171081929124
2446,0.2786836177948796
2447,0.23493343256229496
2448,0.4388602019979294
2449,0.4307670837657009
2450,0.7672900451606252
2451,0.3073777776238142
2452,0.8201579035081826
2453,0.5313468903922066
2454,0.3456300744360817
2455,0.3438168137641703
2456,0.4679601770755675
2457,0.4800398988382819
2458,0.7998902653935989
2459,0.19036723751799917
2460,0.3804917421543963
2461,0.3359562968132225
2462,0.33677595554916734
2463,0.8335551859689952
2464,0.23681774687648824
2465,0.3319386955203594
2466,0.7361983594661118
2467,0.5392145020060177
2468,0.5379665358574992
2469,0.679250208505284
2470,0.2098388073510794
2471,0.22376805582658074
2472,0.5007752399168017
2473,0.6511793212006111
2474,0.35054876835886617
2475,0.15066055345231952
2476,0.5324876148423688
2477,0.8216946343790692
2478,0.41488046125397343
2479,0.36562157907754594
2480,0.4544148560183854
2481,0.46591389449168996
2482,0.49707559870346196
2483,0.8715064777236756
2484,0.2407010365156985
2485,0.5137504427175443
2486,0.4444891972137018
2487,0.41830754735008857
2488,0.4782223963795615
2489,0.51654622757623
2490,0.18783961924250886
2491,0.5608450732145436
2492,0.2909289240750392
2493,0.4500627103768064
2494,0.13376350526312233
2495,0.7200447436621429
2496,0.40762508331493913
2497,0.45343161369377866
2498,0.4246931891803932
2499,0.3312977525708731
2500,0.2166366360264703
2501,0.803615184301615
2502,0.5750397132123156
2503,0.28821676981402794
2504,0.8826808147589654
2505,0.38322950999859445
2506,0.3475451158067926
2507,0.6764408747508235
2508,0.4112458072012011
2509,0.1695476932559868
2510,0.7393139485373506
2511,0.30509798166305724
2512,0.3169645811183863
2513,0.6656390931974876
2514,0.33834214486592384
2515,0.12589942703245152
2516,0.1653110076330294
2517,0.4772113732219243
2518,0.48435544218553583
2519,0.35831629076747007
2520,0.2644934323479442
2521,0.4481999333404998
2522,0.45377708653143795
2523,0.4071420488999772
2524,0.24099210405173196
2525,0.633533215450176
2526,0.24441172184763185
2527,0.2853182566495403
2528,0.5480811021073296
2529,0.2786788407222607
2530,0.1691567247459388
2531,0.1525145264996104
2532,0.26657080242246295
2533,0.6899597123957458
2534,0.582787940191059
2535,0.24061339007733398
2536,0.32792599328147476
2537,0.34788007928932824
2538,0.38587927851787235
2539,0.18994810419563393
2540,0.29704066869546575
2541,0.5043472691050012
2542,0.13800420016951523
2543,0.5334934879491112
2544,0.18576875638709323
2545,0.1968037302628452
2546,0.23784797155215298
2547,0.26830405704167054
2548,0.2508441099699764
2549,0.8039896437791906
2550,0.39068120635388365
2551,0.734369399107633
2552,0.7535292314652988
2553,0.3236598568263967
2554,0.8937698358540405
2555,0.6294609277376786
2556,0.4475353928937618
2557,0.5408525012977328
2558,0.2771792427612329
2559,0.2098100212486493
2560,0.23061591368806184
2561,0.26635857863747037
2562,0.51279726356074
2563,0.33774079576949073
2564,0.4691220013677946
2565,0.24972475013514833
2566,0.3209184417042541
2567,0.42295304009313944
2568,0.7403768556560691
2569,0.4747785670540177
2570,0.3150875686745503
2571,0.48325469400730575
2572,0.6485081973537667
2573,0.171408276471876
2574,0.5058259937028523
2575,0.6437928148243646
2576,0.399893281278635
2577,0.8839785426873422
2578,0.44063374782148107
2579,0.39938092007193804
2580,0.4675588446231774
2581,0.15294063025950375
2582,0.47487032496151715
2583,0.22551090740158036
2584,0.5395704555017478
2585,0.4504254621335379
2586,0.4942500336416999
2587,0.7570892922544817
2588,0.35348948906786887
2589,0.2978472572113675
2590,0.10283271741636776
2591,0.8300282171147851
2592,0.38261355315481826
2593,0.5875201387295155
2594,0.3471211294182859
2595,0.19011151691982683
2596,0.48297689639648683
2597,0.6140270952340864
2598,0.47854867383681676
2599,0.45219304365447927
2600,0.44159617196920464
2601,0.5035028365322857
2602,0.5320785137422996
2603,0.4228318848474951
2604,0.503077555866083
2605,0.33517256857741284
2606,0.7796041206957817
2607,0.23822031842851382
2608,0.458180030710924
2609,0.40534774446344973
2610,0.7105216002516862
2611,0.2407416314023305
2612,0.3210675787392136
2613,0.4342153753575444
2614,0.30666930441319473
2615,0.5448726360401549
2616,0.25549658478949294
2617,0.7919276090282382
2618,0.5270671849145903
2619,0.46535759459095455
2620,0.4219734617850857
2621,0.5707865238064741
2622,0.34344770833196375
2623,0.43434752140427096
2624,0.0833098244178526
2625,0.8279284686389922
2626,0.5301907426004953
2627,0.18324537711754105
2628,0.39335084297992
2629,0.4394233474920825
2630,0.24235453949104824
2631,0.37837315376629355
2632,0.6886314152487684
2633,0.344694187720359
2634,0.40672687325070367
2635,0.32617439782153534
2636,0.5177049692986162
2637,0.32666887666849737
2638,0.29917750411531097
2639,0.46904905206218206
2640,0.5205223565174805
2641,0.33368079196736955
2642,0.3153644554579246
2643,0.29872358392992576
2644,0.4543228147656882
2645,0.3046619900783241
2646,0.8509364056445039
2647,0.63409955642472
2648,0.4529262397735583
2649,0.5992337880493863
2650,0.15225656050640762
2651,0.3683672241598291
2652,0.6819948127044206
2653,0.5272626181725013
2654,0.3915826107176155
2655,0.15394792047025085
2656,0.24609784928045647
2657,0.6285128825211134
2658,0.8889682596318939
2659,0.8823726896200312
2660,0.25673017535374015
2661,0.4273306733896088
2662,0.5059894432682588
2663,0.5056340522567211
2664,0.6721632183486329
2665,0.42267692425199593
2666,0.5875362084060299
2667,0.5256877223371736
2668,0.36596198712302336
2669,0.41538102675973104
2670,0.3399099774063852
2671,0.5807888815581496
2672,0.583938664074363
2673,0.6027067616556936
2674,0.6116396265500262
2675,0.1945936939005867
2676,0.39600099482396484
2677,0.8289036550473255
2678,0.41941548631353526
2679,0.20362368571539471
2680,0.33095785477893824
2681,0.34476594041624203
2682,0.43229098452697795
2683,0.5721842164911185
2684,0.8042298533417885
2685,0.8754159941552605
2686,0.7279345499102742
2687,0.3035417264050955
2688,0.2969883118253374
2689,0.333106690663832
2690,0.4389912790006118
2691,0.45585841410687367
2692,0.5499631838926646
2693,0.33178149619245867
2694,0.25109272848693676
2695,0.7614162079164265
2696,0.45432576918582895
2697,0.38054969228476654
2698,0.1435106231021926
2699,0.1383760814066454
2700,0.3734262902845318
2701,0.2993474784672069
2702,0.22686002337506775
2703,0.9353503027340468
2704,0.17460831536629332
2705,0.6298941004566405
2706,0.12946580114084846
2707,0.34325332056337665
2708,0.47023527629758305
2709,0.24364924363376697
2710,0.43629992655788574
2711,0.38203393316990786
2712,0.2505042355156533
2713,0.5887965127231828
2714,0.44635315009715765
2715,0.5173531932820447
2716,0.7930851865128568
2717,0.4122909503481763
2718,0.49882074639760005
2719,0.31880835584069595
2720,0.461432344957843
2721,0.25942032099576556
2722,0.680332070205805
2723,0.38231323545684526
2724,0.5476499717501095
2725,0.7263768961131981
2726,0.4364013707852814
2727,0.37768590104304456
2728,0.8323768369169253
2729,0.4675250304595266
2730,0.48441920647629144
2731,0.5287688962593816
2732,0.5892831168274714
2733,0.2909227100718259
2734,0.4848301216627279
2735,0.36384402311252684
2736,0.23325927601443486
2737,0.2678885257282559
2738,0.5320097757189909
2739,0.30376220316796115
2740,0.3652156122313599
2741,0.6688635979379031
2742,0.14444942033924812
2743,0.2132603935127265
2744,0.1827232063576991
2745,0.5346263198575817
2746,0.4778420694660901
2747,0.24477817279415015
2748,0.6789689794077677
2749,0.35990574150275634
2750,0.5731187577349033
2751,0.5643234524652246
2752,0.793887301697365
2753,0.2455373243964266
2754,0.2970784111201486
2755,0.2198847027782161
2756,0.7201036412413695
2757,0.38162078228204205
2758,0.5001040544703484
2759,0.16969526210064984
2760,0.36046662079073694
2761,0.6377589601943863
2762,0.4278705830973279
2763,0.5923396524387454
2764,0.8738377261711899
2765,0.38201893971932727
2766,0.3111953566311384
2767,0.1537170943797045
2768,0.6887135276311206
2769,0.6545219472002836
2770,0.3899906551149395
2771,0.4543462124181259
2772,0.56615639180431
2773,0.3940411576661169
2774,0.5447320321182685
2775,0.27739341741725054
2776,0.7216258741779912
2777,0.40764912562188227
2778,0.6063647527467687
2779,0.7763660721035963
2780,0.9018759789311043
2781,0.17728231256148502
2782,0.20765361985961361
2783,0.6240967142098551
2784,0.8886721790309441
2785,0.45821411847392424
2786,0.5955866553735392
2787,0.425596411779893
2788,0.6773161971530794
2789,0.31374901079811224
2790,0.1723325793837394
2791,0.7820665114806326
2792,0.5376255911029761
2793,0.10180781285277656
2794,0.322938314907594
2795,0.7899313559160585
2796,0.3322749094428032
2797,0.38556702249534663
2798,0.4558363605215576
2799,0.5724907473265738
2800,0.6051457925429932
2801,0.30530340498413716
2802,0.49316440766419123
2803,0.6039265084873895
2804,0.4926169017912487
2805,0.6674039151863224
2806,0.5582272255055336
2807,0.30486699069155715
2808,0.5397158691205952
2809,0.8048718978006938
2810,0.5552007770771785
2811,0.1862965521582605
2812,0.4803283795120008
2813,0.2477731166516545
2814,0.3431562244270485
2815,0.36933717337692473
2816,0.2714723773278599
2817,0.6045096007389874
2818,0.3310444520619224
2819,0.6161191989518251
2820,0.26739918730744255
2821,0.17839734896959436
2822,0.1909787118579377
2823,0.6174379738839771
2824,0.42259170459410844
2825,0.3148120034169081
2826,0.20933230831179533
2827,0.5133465137044115
2828,0.626744784258658
2829,0.2353469145965853
2830,0.21717804455654727
2831,0.3940261287120043
2832,0.6064356409503753
2833,0.22881997843786597
2834,0.22845406666815973
2835,0.7489858707200723
2836,0.3767475422426085
2837,0.510804694481111
2838,0.36725342685981854
2839,0.815726954639197
2840,0.45983322930029974
2841,0.3765116548607327
2842,0.14898465164490177
2843,0.35006378634897467
2844,0.5794032927550489
2845,0.5112394145326877
2846,0.20696002754125953
2847,0.5949007540517289
2848,0.1784359054537284
2849,0.9361491553330743
2850,0.4726380132939995
2851,0.6562856782731779
2852,0.3747171542163329
2853,0.634013130428695
2854,0.5651961843397848
2855,0.7860237704903221
2856,0.73300634177395
2857,0.41172544991805043
2858,0.410237824888334
2859,0.3639842022228113
2860,0.46363543153217085
2861,0.7244801690248304
2862,0.39333154753896005
2863,0.26015291566810966
2864,0.2595861584533356
2865,0.669812529476971
2866,0.4369395507130756
2867,0.645577206675507
2868,0.5593387904970655
2869,0.25548376396737815
2870,0.3080508890444688
2871,0.31371419007830376
2872,0.5539279964486731
2873,0.7785882995515621
2874,0.2847833457889313
2875,0.6629266665269073
2876,0.5573571425817876
2877,0.451735833217294
2878,0.4800901480650934
2879,0.5496033260498667
2880,0.7383456224905437
2881,0.37801868469337696
2882,0.8597176265300058
2883,0.40435280878917906
2884,0.3921734068753024
2885,0.19359226807005045
2886,0.5748304795944471
2887,0.2553500421440432
2888,0.5205989611173457
2889,0.31356777750124704
2890,0.5674643853225904
2891,0.10088351442606916
2892,0.3191306158157095
2893,0.38468133864753273
2894,0.6673143704623198
2895,0.39508467458114116
2896,0.46124968264723276
2897,0.3206508750301206
2898,0.36647830381220997
2899,0.5579171089122337
2900,0.6879484844508192
2901,0.6205340513954244
2902,0.4527757626215756
2903,0.47405661119501397
2904,0.36332662333419063
2905,0.21243008202296335
2906,0.4964797029774096
2907,0.3301819248969272
2908,0.40371765393745634
2909,0.22337864440931127
2910,0.5099258075053755
2911,0.19171510303935815
2912,0.2570308609901091
2913,0.4945761994989017
2914,0.2522561476778585
2915,0.43544481185695716
2916,0.5275261147892022
2917,0.7047754784584899
2918,0.40893576951622695
2919,0.6628589761185943
2920,0.36831067336402284
2921,0.5300477330088015
2922,0.4828361318782171
2923,0.3055622463875129
2924,0.7679432407809105
2925,0.25698039998457745
2926,0.5119627169383417
2927,0.31648902961069475
2928,0.46812871201568657
2929,0.23241797255606456
2930,0.521762940756687
2931,0.5602360715739403
2932,0.5430120312841051
2933,0.035172576702222104
2934,0.22875299904622687
2935,0.4868954077807992
2936,0.30298654385989215
2937,0.34509595143693533
2938,0.5234977991497293
2939,0.30919885559270555
2940,0.6208278658708555
2941,0.5430334065700207
2942,0.40213989293704694
2943,0.3304717575381353
2944,0.4619970912847642
2945,0.659873862865032
2946,0.24205575382394862
2947,0.6894974941557765
2948,0.4132378618075407
2949,0.19652035776025228
2950,0.30211355605755963
2951,0.4838002847772107
2952,0.5887775986503399
2953,0.4026451174072271
2954,0.30544113755443
2955,0.4951941853907299
2956,0.2026600662197719
2957,0.18145145485971304
2958,0.42024253430022185
2959,0.3415712425819439
2960,0.1845558564530107
2961,0.48284688774569784
2962,0.1013339506376548
2963,0.7325989580466743
2964,0.2068703820473604
2965,0.6038698757550074
2966,0.4676075164831729
2967,0.1703461458132556
2968,0.9025962172039937
2969,0.43823134830676164
2970,0.49882383599242386
2971,0.2880859985406463
2972,0.2138317303164206
2973,0.8510694074191143
2974,0.5852096401137941
2975,0.1701256239189472
2976,0.550187032963564
2977,0.554424063842732
2978,0.5185847764365169
2979,0.5382653228179284
2980,0.35453641155967697
2981,0.17361820290166874
2982,0.354483293462832
2983,0.37274438157304246
2984,0.3148508784402693
2985,0.34661700100690723
2986,0.4606949113153951
2987,0.5856628151893808
2988,0.5388502432179546
2989,0.6796385844205253
2990,0.46903436386376995
2991,0.15039799328908057
2992,0.20289900666030175
2993,0.8804103420223706
2994,0.4495503297022397
2995,0.3728512207361437
2996,0.48176593924405514
2997,0.42009486907756516
2998,0.19085598303737883
2999,0.21472573966391176
3000,0.39036368774042385
3001,0.7731853218026667
3002,0.2610049136292414
3003,0.26369765442953563
3004,0.5347347649780694
3005,0.35327920513355393
3006,0.8157183039976627
3007,0.2021785873027584
3008,0.1693844678705252
3009,0.4599962893520855
3010,0.350131039221301
3011,0.47615860883367794
3012,0.8841703746054592
3013,0.24956438981985923
3014,0.47713110891352756
3015,0.6656874529409628
3016,0.21433609481894259
3017,0.26631529649772917
3018,0.3445651481061463
3019,0.4947950782954563
3020,0.6747989331814047
3021,0.3857106774060012
3022,0.5325818603085285
3023,0.6447326741930886
3024,0.3174848943631091
3025,0.6345675672823358
3026,0.5017076703883567
3027,0.9021358812627713
3028,0.6952108742980545
3029,0.5234669267369032
3030,0.5601165222085847
3031,0.397940924147027
3032,0.46515916399125884
3033,0.11616574685348756
3034,0.4097357019160272
3035,0.2341824887815457
3036,0.8417946449090746
3037,0.17056250865698128
3038,0.3312220012609539
3039,0.46766856479500546
3040,0.39553264152574175
3041,0.25649110806688474
3042,0.35866585108508625
3043,0.33199825198524685
3044,0.7179723842397896
3045,0.349489346090362
3046,0.3771239070120872
3047,0.2893536486116658
3048,0.15565663458391063
3049,0.1825640316702898
3050,0.09301904610781471
3051,0.3696946405921381
3052,0.2281708715379147
3053,0.655563265558384
3054,0.15712365585812377
3055,0.5676556468330655
3056,0.6249994105089736
3057,0.276684360561068
3058,0.7988018974127884
3059,0.4449847472153323
3060,0.7053731012122345
3061,0.3763173777692964
3062,0.7935937038439397
3063,0.8441938301036496
3064,0.2787920737484852
3065,0.5601809800648087
3066,0.6506487217119448
3067,0.20178784676867698
3068,0.6680829129390274
3069,0.3815422812323651
3070,0.6458585184679657
3071,0.41349457816824936
3072,0.22874439232796157
3073,0.22634642527569107
3074,0.8285318700268095
3075,0.2451116606768762
3076,0.3346178967215887
3077,0.3724019700946147
3078,0.5793845198933985
3079,0.1885887413008324
3080,0.34149450360138717
3081,0.38854501889888715
3082,0.8014571225643302
3083,0.4266877374857572
3084,0.7774350341161963
3085,0.39753587331946527
3086,0.7199481534877128
3087,0.7833887374671162
3088,0.4769265327218745
3089,0.35333389638279683
3090,0.8261892074612265
3091,0.4468353128180004
3092,0.4155654558136852
3093,0.46477225503422653
3094,0.10775272094402882
3095,0.4313389331622009
3096,0.4609379271547981
3097,0.29948434957296916
3098,0.543996672545308
3099,0.3215659038170879
3100,0.20869668235819847
3101,0.591744326313221
3102,0.30962811421428005
3103,0.26895949175537626
3104,0.5857398062008892
3105,0.4336280714907899
3106,0.7018364106244752
3107,0.5352463330379166
3108,0.18549117568229212
3109,0.2695145045264458
3110,0.9353138969992104
3111,0.4994781831939075
3112,0.6803010975917276
3113,0.33721750665162875
3114,0.24323667931367104
3115,0.6054795904442588
3116,0.3852241525549639
3117,0.20748865950960058
3118,0.655220707994111
3119,0.4678545333045581
3120,0.2380052372301595
3121,0.671896291046254
3122,0.3155248023264697
3123,0.1661549679228539
3124,0.6584647214463226
3125,0.36368171260907256
3126,0.22008568178483423
3127,0.5750079271058801
3128,0.26794866533108885
3129,0.556755039205993
3130,0.31908751253509543
3131,0.24650209165558498
3132,0.15969300506848072
3133,0.647937710529592
3134,0.12751632498046656
3135,0.4731915601313784
3136,0.697302904764675
3137,0.3617803599839567
3138,0.3721410706130032
3139,0.20897714137669943
3140,0.15855678293520856
3141,0.5954991222932241
3142,0.6634543590945
3143,0.8384347674942505
3144,0.22465627094137028
3145,0.427620431784441
3146,0.23815140930289788
3147,0.3181747035601254
3148,0.4942910826802768
3149,0.41145132837412923
3150,0.6734446608842081
3151,0.42399949917014723
3152,0.8661196386924831
3153,0.3872531995305055
3154,0.20724953910802588
3155,0.26098531873554365
3156,0.2869097816298357
3157,0.40186853450374854
3158,0.8731591180110423
3159,0.3777575784628148
3160,0.3096132211296774
3161,0.5140811599368137
3162,0.29639964862788915
3163,0.4863136996741178
3164,0.6260632258560491
3165,0.42396116097481845
3166,0.3587515706874893
3167,0.655553291864061
3168,0.42772005882934067
3169,0.2209648085658581
3170,0.6096418043314614
3171,0.18523708999148136
3172,0.5580755938990145
3173,0.26749198401631086
3174,0.7253332017324366
3175,0.5849555144371974
3176,0.49840457683367106
3177,0.5541963717249676
3178,0.3631499389925499
3179,0.2057323930957515
3180,0.29464731070877453
3181,0.22890467165491055
3182,0.30027825791076274
3183,0.26886209745452594
3184,0.487373654952161
3185,0.4972824867226066
3186,0.4050201945028989
3187,0.20867636527417988
3188,0.3654706547134303
3189,0.4821157771472612
3190,0.5636945170871075
3191,0.5454662865943648
3192,0.5199677687430907
3193,0.30377555899070496
3194,0.5986501788484391
3195,0.6661862758276699
3196,0.6007576880464086
3197,0.2154504243560537
3198,0.583503996745095
3199,0.2960900351188771
3200,0.5392120923374072
3201,0.7906338524666636
3202,0.478460801945757
3203,0.5457916019045628
3204,0.4939042391140933
3205,0.11517596459996718
3206,0.2822660451414616
3207,0.5711811039374411
3208,0.33435567570741664
3209,0.3511184607214039
3210,0.7612618616733288
3211,0.5489162759617275
3212,0.2871923577999708
3213,0.049304047698954245
3214,0.4645671739425903
3215,0.8270769910256465
3216,0.3253462605799264
3217,0.6369128472995429
3218,0.26963835384926427
3219,0.365762294764598
3220,0.08812141403618737
3221,0.7730724425896317
3222,0.5817626269448024
3223,0.3755119829923534
3224,0.23901979112588123
3225,0.3431683297117852
3226,0.431824343641645
3227,0.457174708673927
3228,0.44561651451028067
3229,0.5718483692905048
3230,0.39850588916238017
3231,0.5700573510357331
3232,0.498818756152275
3233,0.7552053114379296
3234,0.6745131609839047
3235,0.5394296891257423
3236,0.4957107109264764
3237,0.542480633519943
3238,0.2178912834504007
3239,0.45933935325753544
3240,0.49891022048934963
3241,0.21401294836985824
3242,0.695260645987543
3243,0.731318033625113
3244,0.2163575461848048
3245,0.6985538815525034
3246,0.20479085414428
3247,0.8336538717469909
3248,0.6887078539844952
3249,0.7381995813130718
3250,0.20098219396510172
3251,0.761598899340147
3252,0.528134404050312
3253,0.4411746349954873
3254,0.4609661746251328
3255,0.49181829412358175
3256,0.06994978682973525
3257,0.7901025586897574
3258,0.29245800111413456
3259,0.468167948091817
3260,0.26274338015280607
3261,0.4199147839829416
3262,0.3933148832701342
3263,0.3978114864597446
3264,0.2411049671846166
3265,0.6789408556485335
3266,0.38225735511249964
3267,0.19000813313167375
3268,0.36994894858889593
3269,0.3174058730629968
3270,0.39508279026787385
3271,0.1695082758848128
3272,0.7803083534131128
3273,0.5082979858463204
3274,0.31218041904159444
3275,0.5793087176854095
3276,0.24845844932926262
3277,0.1663442029269063
3278,0.19603691262472725
3279,0.522715224663418
3280,0.5815212892137139
3281,0.36339151810586456
3282,0.4513263529706125
3283,0.2948468176075051
3284,0.412315002262266
3285,0.3009663610712274
3286,0.8224239903319216
3287,0.5646109500146718
3288,0.4626432200588247
3289,0.3773450270088219
3290,0.3730177016742067
3291,0.236331407491987
3292,0.5297727179166632
3293,0.11474104844995972
3294,0.28014760046938203
3295,0.41803936252080426
3296,0.1766544935425122
3297,0.7457439078288758
3298,0.5466383075359088
3299,0.3341744608880952
3300,0.567814954643253
3301,0.46891344477584257
3302,0.4417463888904907
3303,0.2318889164678186
3304,0.24479265721976384
3305,0.550237352701396
3306,0.8161717545965653
3307,0.11028211054844561
3308,0.32450249944539866
3309,0.6645027727479313
3310,0.4277880362751783
3311,0.421582333623259
3312,0.7146413097967151
3313,0.1678230218186596
3314,0.6552704886902565
3315,0.3204143559783032
3316,0.5579426487525788
3317,0.7239974553453852
3318,0.22060865397977608
3319,0.41705866625891924
3320,0.66915942807956
3321,0.45400658362965457
3322,0.5731274978406165
3323,0.35726784351338353
3324,0.3128453056556834
3325,0.8344708155248017
3326,0.5985064989646663
3327,0.8515277998876146
3328,0.3439652247889576
3329,0.11289246497413716
3330,0.38839527355242864
3331,0.2778722188439258
3332,0.43423152129792936
3333,0.3394695946024315
3334,0.2794145689076522
3335,0.17776104163584203
3336,0.5703742285556722
3337,0.6398213113417323
3338,0.4909881460063801
3339,0.31814395664205564
3340,0.3012365119744835
3341,0.17753761613823424
3342,0.42566713913586784
3343,0.5874348506919878
3344,0.3075079432280574
3345,0.8277062255443933
3346,0.2761619430096334
3347,0.687722725861483
3348,0.38472524902509286
3349,0.6865118653813113
3350,0.21849151482400544
3351,0.5985007572501114
3352,0.24292319021419656
3353,0.3301365062765646
3354,0.5906801697885674
3355,0.5757385555873213
3356,0.2314125117969763
3357,0.7848848248364467
3358,0.4595660729863299
3359,0.8032593197142027
3360,0.7190399107451011
3361,0.36029625655784414
3362,0.4253734990180711
3363,0.7541849228241299
3364,0.48196254519240195
3365,0.26652530863806073
3366,0.3351241052162677
3367,0.5811653556894333
3368,0.588449056345656
3369,0.418077675126502
3370,0.2824356035553169
3371,0.23573955142610942
3372,0.8341919156985805
3373,0.5283580717122226
3374,0.4910553211982413
3375,0.5296045319749427
3376,0.47310860420363166
3377,0.14602898624057425
3378,0.4693137263499166
3379,0.1538880742485624
3380,0.27747027258718604
3381,0.6014647629424198
3382,0.6682367017177201
3383,0.6204949218482789
3384,0.6576701631760588
3385,0.23181035238055087
3386,0.4651004295941612
3387,0.5468970802396704
3388,0.3283942415987806
3389,0.20246052843250753
3390,0.2465158613778776
3391,0.5843685661578982
3392,0.8094878034060357
3393,0.39563856770369576
3394,0.23277732772617543
3395,0.6821719268627696
3396,0.6586578412493204
3397,0.5635605431028639
3398,0.6071151467189255
3399,0.30192494242619194
3400,0.2043397191126796
3401,0.38273432152512343
3402,0.20247856496128191
3403,0.6364441567674821
3404,0.49543652742973227
3405,0.8727896435200986
3406,0.3467599404010126
3407,0.37913554772188257
3408,0.8349814209542374
3409,0.3765461840062877
3410,0.3180208646054797
3411,0.7223379685271872
3412,0.21693912183301944
3413,0.6225609502408311
3414,0.29996139596778604
3415,0.37930544480963135
3416,0.2983917325887236
3417,0.26012821230227146
3418,0.57485960499449
3419,0.2656847017735266
3420,0.18900416985199017
3421,0.43482095058561293
3422,0.4217306108416797
3423,0.6572800341139923
3424,0.5591987716766086
3425,0.4617873093192311
3426,0.4684381087420419
3427,0.4273419343375414
3428,0.5442357087324007
3429,0.6023250212010033
3430,0.5726648863958361
3431,0.5718655985328581
3432,0.4456720537518691
3433,0.7661052998192392
3434,0.27914686038026904
3435,0.2176055936158217
3436,0.600377142269578
3437,0.21192175179786962
3438,0.586572009853642
3439,0.6713290422101967
3440,0.37683201284554246
3441,0.24206851397995036
3442,0.15663748652278697
3443,0.42345042781443126
3444,0.23321087518514955
3445,0.607473083247134
3446,0.7716337052936486
3447,0.2142334172485809
3448,0.2790923845025481
3449,0.18321666005575016
3450,0.6636695107560523
3451,0.6535981588635559
3452,0.4517454353068548
3453,0.3633791587083678
3454,0.23898174973861241
3455,0.03398945968435925
3456,0.44250692995893887
3457,0.34244705332430697
3458,0.37658520800609474
3459,0.3558755025760706
3460,0.35419649004540565
3461,0.6505462180353296
3462,0.37595903138814807
3463,0.07698315699133026
3464,0.48825811162549815
3465,0.19425259695380387
3466,0.1670499220899795
3467,0.36963210143965963
3468,0.5981032613784134
3469,0.3160929689535701
3470,0.1928979636963136
3471,0.5464433531025158
3472,0.10614179684844144
3473,0.7606911073932707
3474,0.4764380817065655
3475,0.4096706544537631
3476,0.48861186249658045
3477,0.47176883630227723
3478,0.5433636087715061
3479,0.32085843425531846
3480,0.32059313760775165
3481,0.7836712890876697
3482,0.6501328164017953
3483,0.5674494163258552
3484,0.43524290486810735
3485,0.44698611606094546
3486,0.6749220693091401
3487,0.5960759634747036
3488,0.41650391740847925
3489,0.2486781782253387
3490,0.6563447390239918
3491,0.7209518975414337
3492,0.4337940211922532
3493,0.13570188078883438
3494,0.3772892888070282
3495,0.7693186908227587
3496,0.6100097969853654
3497,0.5102482911626256
3498,0.8409635912272054
3499,0.8250002075676415
3500,0.43138213883866694
3501,0.5220742837067066
3502,0.36644453278554723
3503,0.6177284834896644
3504,0.6069931336946218
3505,0.5492248941618155
3506,0.23911654585412803
3507,0.29762530214736743
3508,0.43860117321412323
3509,0.6488134208536815
3510,0.5389898234263689
3511,0.3297477741846331
3512,0.22408372719796324
3513,0.15670538228855166
3514,0.6926020141910187
3515,0.38142473788415077
3516,0.322778186406578
3517,0.1868979538154444
3518,0.252546821368379
3519,0.2524048250915477
3520,0.2720156808260853
3521,0.7343136695120759
3522,0.8664647231842314
3523,0.8570755829644146
3524,0.3214434503295734
3525,0.4162911417269953
3526,0.7923783461438824
3527,0.4391513301279217
3528,0.5247017289256889
3529,0.20929844010926058
3530,0.6655970480134707
3531,0.4789882873970489
3532,0.23753798700544182
3533,0.3238810042562145
3534,0.6438204142455857
3535,0.1601352662327847
3536,0.7444352404420796
3537,0.1576248263018042
3538,0.19516944617470203
3539,0.37542500439539145
3540,0.5295977568119626
3541,0.18335125596197105
3542,0.48963117958512403
3543,0.6576802244798586
3544,0.18704238717242458
3545,0.5942830537819646
3546,0.36905227075272423
3547,0.37543138993507646
3548,0.2553985362486571
3549,0.766494048358083
3550,0.2771688409131378
3551,0.7137399468327311
3552,0.4869803868825817
3553,0.36484764350472726
3554,0.5986511322350316
3555,0.26657929150850407
3556,0.3570737003124972
3557,0.4583705140484925
3558,0.2840078770939067
3559,0.7093388043683343
3560,0.4734078714732316
3561,0.24879224720150875
3562,0.14949469139558064
3563,0.4187615562517493
3564,0.18631935984696804
3565,0.32298934989025374
3566,0.1936337676668839
3567,0.37931743472051427
3568,0.5380684938453059
3569,0.7935166678440224
3570,0.6114063771983671
3571,0.33372973597033667
3572,0.5703115708221898
3573,0.6215029966044922
3574,0.3668517135031453
3575,0.12939782518733078
3576,0.35224760170969543
3577,0.4172652332896642
3578,0.23804500424304798
3579,0.3942780067655792
3580,0.41943361619439284
3581,0.33239601557485887
3582,0.8795145172936901
3583,0.28086751009019895
3584,0.3745627773476903
3585,0.3013621754889804
3586,0.2779132222391793
3587,0.35823593187588715
3588,0.1802206896485438
3589,0.110640503156853
3590,0.47727529590741274
3591,0.20825958748947088
3592,0.4627874656205367
3593,0.5855480244970827
3594,0.3932029644789289
3595,0.14304748216108867
3596,0.3821345727174924
3597,0.3793151865852475
3598,0.7620053801126454
3599,0.27537226562565237
3600,0.37496777310430224
3601,0.5449189572720566
3602,0.39415756137585783
3603,0.42262420362105907
3604,0.5226190215711833
3605,0.586333325349218
3606,0.5507409071009651
3607,0.1502471398171983
3608,0.2615074462776959
3609,0.28271901788603776
3610,0.5910186090830802
3611,0.39790882421902923
3612,0.35093881341446037
3613,0.20558933724407766
3614,0.21384396589604182
3615,0.5186395277871022
3616,0.6417676283911268
3617,0.39412813622845416
3618,0.5048278062227115
3619,0.6531427491713552
3620,0.424512254926554
3621,0.4051482400066923
3622,0.34228957434305807
3623,0.8779725256683901
3624,0.4118104941645922
3625,0.6171952310821113
3626,0.9068488765442934
3627,0.3303071710891524
3628,0.8076951411242327
3629,0.35655071229213375
3630,0.4629638994560029
3631,0.9080778671862796
3632,0.3458706928340772
3633,0.15982380534476487
3634,0.16408095964237002
3635,0.323871140586981
3636,0.5836734312830367
3637,0.2465581709224112
3638,0.19590059760072673
3639,0.32716600016719266
3640,0.3747720017133736
3641,0.3994720503383128
3642,0.5770760561333228
3643,0.2662956136373036
3644,0.37647486363291177
3645,0.2711979114629739
3646,0.23323814540715476
3647,0.25134032954337765
3648,0.2791932710937185
3649,0.352713432063235
3650,0.3324133611111973
3651,0.27055993371154374
3652,0.11304336618480766
3653,0.4136103453524773
3654,0.4210796199937344
3655,0.4495511001354733
3656,0.42563337899953335
3657,0.5329377441692578
3658,0.18045571372667482
3659,0.47918231312809767
3660,0.47173661516873666
3661,0.33788931559555324
3662,0.3751495650925839
3663,0.32912832696138977
3664,0.05846763391277562
3665,0.4362600374450607
3666,0.4532501893810073
3667,0.3587643140382672
3668,0.06672381833961942
3669,0.33298721672403325
3670,0.19588483357019643
3671,0.5335921116575041
3672,0.4875945601957598
3673,0.5496246658081818
3674,0.6495296737732223
3675,0.8794023083313074
3676,0.8289370260055957
3677,0.369177404788146
3678,0.2972480507022743
3679,0.7114308118413557
3680,0.2882455578371882
3681,0.35242192408048445
3682,0.6050888871673071
3683,0.4385096908613477
3684,0.29786301461778547
3685,0.49258009773678535
3686,0.17280637043133246
3687,0.4382373145366517
3688,0.44289290760312483
3689,0.23119573184717468
3690,0.4183876093361514
3691,0.30341936203940156
3692,0.42929020529016704
3693,0.604762268180681
3694,0.3576773041692533
3695,0.50636705871637
3696,0.4199071671623905
3697,0.7224024984707237
3698,0.4863711339262378
3699,0.42545231507829695
3700,0.14151968930129
3701,0.45613452986279035
3702,0.26390959174544704
3703,0.3944127060378554
3704,0.4192819852721636
3705,0.3314511511700655
3706,0.5989960010931186
3707,0.4354081130342757
3708,0.4423281813166144
3709,0.3258903588378393
3710,0.5980862050773031
3711,0.5936819651510029
3712,0.6387085174389143
3713,0.26398142013926934
3714,0.5989125178334389
3715,0.7274566439710337
3716,0.603621275287008
3717,0.5297334654263153
3718,0.37473559106219134
3719,0.7023823229598787
3720,0.6871989456494918
3721,0.5259214852807509
3722,0.4404552480053595
3723,0.16958052255289416
3724,0.19361425963424939
3725,0.6076181227456482
3726,0.6989385932471311
3727,0.24792957178656727
3728,0.5222777061848111
3729,0.5176883730737653
3730,0.2970920491972822
3731,0.27696293671661754
3732,0.2765178893248791
3733,0.1713113274195455
3734,0.26489833815889624
3735,0.39867238003272554
3736,0.5128331050548933
3737,0.6135010366910679
3738,0.3518864447964219
3739,0.683102906714022
3740,0.5251824244928301
3741,0.3366690645281738
3742,0.15014064415035241
3743,0.6121619922524175
3744,0.46149074101678694
3745,0.4673821542024815
3746,0.5279267524541122
3747,0.8429415147615307
3748,0.6999585653931443
3749,0.4903259221676802
3750,0.6077994733680826
3751,0.5162358563687479
3752,0.48717642682890633
3753,0.5870705210446462
3754,0.3561893755048298
3755,0.20204689357147523
3756,0.3902087807866866
3757,0.1842360993764669
3758,0.5450019672975784
3759,0.21528176966736087
3760,0.8992336929739254
3761,0.4043777961481827
3762,0.7978097681083757
3763,0.8250421786841718
3764,0.32301188515108054
3765,0.48737850935965776
3766,0.4013244416187182
3767,0.3445526279873083
3768,0.4896703232800299
3769,0.2419261385701278
3770,0.27544179362124055
3771,0.6427057341638234
3772,0.7095280505063465
3773,0.2483317857572846
3774,0.32795993644640253
3775,0.3729730086601221
3776,0.4006006025027156
3777,0.14357328605918743
3778,0.8732378047659126
3779,0.8449005464650972
3780,0.1688748254436605
3781,0.7600844452282547
3782,0.8325342312694561
3783,0.7955037639094668
3784,0.408987109021173
3785,0.24657575364465684
3786,0.6396330751407897
3787,0.6350097662782563
3788,0.36885863591044715
3789,0.5733569874593648
3790,0.5201104758133132
3791,0.5500250248792099
3792,0.3099606012987978
3793,0.14873719511178402
3794,0.6352476823684087
3795,0.19172279932521324
3796,0.5144795783076075
3797,0.06244483535054124
3798,0.5189706760630741
3799,0.3340690564346156
3800,0.6543928511568801
3801,0.7643379402774131
3802,0.6135002435243779
3803,0.3374946009579969
3804,0.43346873849160406
3805,0.4175522879910785
3806,0.786835274302459
3807,0.24134917513122717
3808,0.9080103761039224
3809,0.19286020923461392
3810,0.39325518567224466
3811,0.40714769455916233
3812,0.46076082257290474
3813,0.496238530471159
3814,0.18653697756225204
3815,0.3078203591631362
3816,0.9572411213439354
3817,0.44484526137495617
3818,0.7402623488173603
3819,0.3691712128465851
3820,0.4055202094008983
3821,0.16909001321105802
3822,0.22795822782642977
3823,0.48533625477560216
3824,0.7063312618575406
3825,0.7471065876870531
3826,0.6470012002753875
3827,0.5760209206461805
3828,0.7023123301151762
3829,0.8331644187042095
3830,0.39990418991579096
3831,0.22248610408996697
3832,0.32577776671471365
3833,0.700246789299297
3834,0.6795878845206528
3835,0.45697276028998535
3836,0.165560399770077
3837,0.472852381424186
3838,0.6160983033585955
3839,0.4066127131645007
3840,0.4873638521202511
3841,0.4575410503288717
3842,0.421082502994474
3843,0.41923699033790063
3844,0.1231008444028583
3845,0.30701236330515924
3846,0.525835745300326
3847,0.17420410496198127
3848,0.3792632418419649
3849,0.5392526577507015
3850,0.6831688076768281
3851,0.19743350241710209
3852,0.48250417995413253
3853,0.2843079065520179
3854,0.5835883506820262
3855,0.5709549875463567
3856,0.2990089022329105
3857,0.12360997010018215
3858,0.5018321926073261
3859,0.3429647233006707
3860,0.41246281551697006
3861,0.29829677260613596
3862,0.5326632737040601
3863,0.4857369053177854
3864,0.5953783673817992
3865,0.5955187674126621
3866,0.2544160451082563
3867,0.37057687347343204
3868,0.21032828230094822
3869,0.2985527456436785
3870,0.33886521347567605
3871,0.13184160837282122
3872,0.15025544027428164
3873,0.6945075585838072
3874,0.408619449709082
3875,0.6835325204922744
3876,0.21906154671084638
3877,0.48131611517705325
3878,0.22660600211721693
3879,0.4833985235387578
3880,0.15558124859463657
3881,0.27939368798771635
3882,0.7075840771539629
3883,0.6845478537813736
3884,0.2869904749850672
3885,0.32111935070470843
3886,0.3339766491379555
3887,0.39576023862938775
3888,0.6815098892068885
3889,0.20163032297600658
3890,0.5981731857182995
3891,0.2261196818006872
3892,0.29953804180083
3893,0.5376457428939805
3894,0.45947455338721377
3895,0.43526931028575144
3896,0.42921586574082127
3897,0.45676588975580784
3898,0.28095359006078124
3899,0.47694034162629584
3900,0.5495479011600136
3901,0.3279583663336653
3902,0.23193287493412823
3903,0.7759528088388707
3904,0.3107613299174481
3905,0.28084267765586135
3906,0.2794229241109785
3907,0.4872230281195683
3908,0.24527552146731918
3909,0.30166734022298297
3910,0.7774620731037294
3911,0.3873465275344015
3912,0.29773158878764033
3913,0.5433102995428414
3914,0.2937329137311952
3915,0.5161641959212973
3916,0.38958974341641406
3917,0.5316905103052031
3918,0.3901021815412914
3919,0.5837052349144869
3920,0.20824887502953085
3921,0.872112017503674
3922,0.2557024156413109
3923,0.5723378375637882
3924,0.24233164828916903
3925,0.1769853721020079
3926,0.3884596079362016
3927,0.31400245109729596
3928,0.6158782609034196
3929,0.7575135105721061
3930,0.18438084441227717
3931,0.5490578480841842
3932,0.5359404746483266
3933,0.4680442089984122
3934,0.23784586286682416
3935,0.7154108865342408
3936,0.571537133515359
3937,0.21582797694357644
3938,0.40282481612937365
3939,0.21327650072394116
3940,0.12344556107161368
3941,0.29479452267285716
3942,0.12256437044472888
3943,0.47041231773489417
3944,0.4269174192071512
3945,0.8143938178113312
3946,0.47977140743546043
3947,0.9020220859290163
3948,0.3358486588316506
3949,0.21851455655945198
3950,0.1733579760093691
3951,0.34016791641875027
3952,0.23295762954489893
3953,0.18035551742544098
3954,0.34666635856504296
3955,0.4156548140634123
3956,0.4150244255415058
3957,0.544099709118761
3958,0.30381458877352
3959,0.5036167154846435
3960,0.558983615276271
3961,0.5886038850861358
3962,0.4754695754492622
3963,0.3578465731092815
3964,0.7694705698438334
3965,0.2561515219576064
3966,0.1621171057762986
3967,0.53204876754236
3968,0.6418521268996163
3969,0.6062531667471406
3970,0.48971897891788335
3971,0.18487188770850346
3972,0.5289977546883119
3973,0.19129150034083184
3974,0.33176091377415734
3975,0.7441013225949278
3976,0.19805502166285957
3977,0.6656417658869195
3978,0.0596645920487964
3979,0.8522515459155645
3980,0.5803866723393765
3981,0.45595936665211545
3982,0.43944225028869416
3983,0.17667519846900145
3984,0.24116242465690133
3985,0.7254037056689613
3986,0.381950425742729
3987,0.5753976809753764
3988,0.8676607051039577
3989,0.7733048330827912
3990,0.7313901622985103
3991,0.4172806602623219
3992,0.44088043777612046
3993,0.2621491818238951
3994,0.3716839620948612
3995,0.38634564322376275
3996,0.1067993896790103
3997,0.6597275502457333
3998,0.14697965640222205
3999,0.852538150013749
4000,0.3445558442586875
4001,0.19903117544707485
4002,0.3949465350508531
4003,0.4597237000751386
4004,0.29348802746940866
4005,0.1666411048579603
4006,0.26220375347337577
4007,0.8294439576199717
4008,0.15770327817284233
4009,0.7862752357780263
4010,0.4384022776051481
4011,0.4189394971217339
4012,0.6611628536836757
4013,0.4367577231037388
4014,0.5803464204941235
4015,0.3654430104537209
4016,0.15179598529485888
4017,0.7562453467653023
4018,0.40483691685494083
4019,0.6171556577778777
4020,0.1041047315053771
4021,0.24376240495510085
4022,0.479755517904477
4023,0.11422969192514351
4024,0.4512165109107309
4025,0.4491668901268717
4026,0.12672026591913854
4027,0.2998376102562746
4028,0.19904742576355347
4029,0.5076197919754009
4030,0.1569576582871571
4031,0.8145266649951589
4032,0.1919906015122979
4033,0.33567737613301374
4034,0.5323809748270079
4035,0.7354690431342898
4036,0.7197304051415843
4037,0.6473995873004912
4038,0.4652677182607777
4039,0.3143266270070431
4040,0.44780066407728797
4041,0.6051836188561889
4042,0.2413343728135534
4043,0.48071375251668547
4044,0.4798246189788617
4045,0.7448394480647694
4046,0.14291966758688932
4047,0.3006853802866369
4048,0.414017217672541
4049,0.21543052231568643
4050,0.44338930143595584
4051,0.5952702141266105
4052,0.5100974824650306
4053,0.12500583516924396
4054,0.5770417285103945
4055,0.19413505275981172
4056,0.31459834284603866
4057,0.33030708060365965
4058,0.3583744774974853
4059,0.6177162498960532
4060,0.7008421843543509
4061,0.8381239425515835
4062,0.20431950411743652
4063,0.20304484963381655
4064,0.2739037046298517
4065,0.32829466156204223
4066,0.7887716063184176
4067,0.308107778165289
4068,0.476648484873953
4069,0.5710499982507453
4070,0.10082311704526611
4071,0.7923128926280901
4072,0.616293225854913
4073,0.29602375632018185
4074,0.7498988116065864
4075,0.3014360809998093
4076,0.14387630916533578
4077,0.2878694123806343
4078,0.24710132975861315
4079,0.6511710715368016
4080,0.37874136785704476
4081,0.40095802671080183
4082,0.7976874054353033
4083,0.4103517580815545
4084,0.39455158965060066
4085,0.14290765603688224
4086,0.8062163372691452
4087,0.21615443795432315
4088,0.6023361496920179
4089,0.7905914372012665
4090,0.4820005542180427
4091,0.7412363486474557
4092,0.3804917695169938
4093,0.368333906885243
4094,0.7861283358366243
4095,0.33023087109980603
4096,0.16168781330277476
4097,0.7692421632124238
4098,0.3638393816106633
4099,0.5994904762161992
4100,0.2620888755450835
4101,0.48162529716037916
4102,0.230937541969585
4103,0.7515282917052558
4104,0.17762616658299166
4105,0.5622503494523965
4106,0.29862999778636773
4107,0.14571059186427457
4108,0.3045077162381998
4109,0.45833391265585743
4110,0.5056991760195036
4111,0.3252999411613209
4112,0.5920049850298942
4113,0.23526354950367365
4114,0.7788285677320765
4115,0.5160113026922712
4116,0.8938743650460466
4117,0.5341826699488237
4118,0.15579093215842474
4119,0.5822935008035124
4120,0.515276893495351
4121,0.47090310912978484
4122,0.8511042997382335
4123,0.360738151244926
4124,0.7074829210266779
4125,0.3144652801807022
4126,0.5855597845404761
4127,0.4232766916413375
4128,0.27943261750883647
4129,0.24821482052363544
4130,0.3498366756620941
4131,0.3413632864223451
4132,0.17680941427092825
4133,0.25380147026605837
4134,0.33363416920468775
4135,0.7781572219342607
4136,0.17336019671353692
4137,0.19254452905551644
4138,0.3368638067782173
4139,0.4120997920132962
4140,0.366384254059116
4141,0.6571780173774999
4142,0.17463623613084875
4143,0.4049085782073448
4144,0.2112680166646629
4145,0.3440259298511679
4146,0.1961764770595942
4147,0.4090458776778552
4148,0.2275266782069113
4149,0.538523838704683
4150,0.3855165295863148
4151,0.3432023184164908
4152,0.3597900900465463
4153,0.783737390918456
4154,0.6532834481771448
4155,0.4579409036514709
4156,0.9103111540897361
4157,0.537192824930405
4158,0.49104489498515186
4159,0.7428384494391315
4160,0.19500373939495733
4161,0.16017082339336777
4162,0.37934538057955086
4163,0.17771844912589918
4164,0.3368379669984883
4165,0.5421634028550686
